ModelYear,MANUFACTURER,MODEL,VEHICLE_CLASS,ENGINE_SIZE_L_,CYLINDERS,TRANSMISSION,FUEL,FuelConsCity,FuelConsHwy,CityMPG,HwyMPG,Fuel,CO2
2014,ACURA,ILX,COMPACT,2,4,AS5,Z,8.6,5.6,33,50,1440,166
2014,ACURA,ILX,COMPACT,2.4,4,M6,Z,9.8,6.5,29,43,1660,191
2014,ACURA,ILX HYBRID,COMPACT,1.5,4,AV7,Z,5,4.8,56,59,980,113
2014,ACURA,MDX 4WD,SUV - SMALL,3.5,6,AS6,Z,11.2,7.7,25,37,1920,221
2014,ACURA,RDX AWD,SUV - SMALL,3.5,6,AS6,Z,10.7,7.3,26,39,1840,212
2014,ACURA,RLX,MID-SIZE,3.5,6,AS6,Z,10.5,6.4,27,44,1720,198
2014,ACURA,TL,MID-SIZE,3.5,6,AS6,Z,10.4,6.8,27,42,1760,202
2014,ACURA,TL AWD,MID-SIZE,3.7,6,AS6,Z,11.4,7.6,25,37,1940,223
2014,ACURA,TL AWD,MID-SIZE,3.7,6,M6,Z,11.9,8,24,35,2040,235
2014,ACURA,TSX,COMPACT,2.4,4,AS5,Z,9.3,6.2,30,46,1580,182
2014,ACURA,TSX,COMPACT,2.4,4,M6,Z,9.9,6.8,29,42,1700,196
2014,ACURA,TSX,COMPACT,3.5,6,AS5,Z,10.7,7,26,40,1800,207
2014,ASTON MARTIN,DB9,MINICOMPACT,5.9,12,A6,Z,16.2,10.7,17,26,2740,315
2014,ASTON MARTIN,RAPIDE,SUBCOMPACT,5.9,12,A6,Z,16.2,10.7,17,26,2740,315
2014,ASTON MARTIN,V8 VANTAGE,TWO-SEATER,4.7,8,AM7,Z,15.7,9.6,18,29,2580,297
2014,ASTON MARTIN,V8 VANTAGE,TWO-SEATER,4.7,8,M6,Z,16.3,10.4,17,27,2740,315
2014,ASTON MARTIN,V8 VANTAGE S,TWO-SEATER,4.7,8,AM7,Z,15.7,9.6,18,29,2580,297
2014,ASTON MARTIN,V8 VANTAGE S,TWO-SEATER,4.7,8,M6,Z,16.3,10.4,17,27,2740,315
2014,ASTON MARTIN,VANQUISH,MINICOMPACT,5.9,12,A6,Z,16.2,10.7,17,26,2740,315
2014,AUDI,A4,COMPACT,2,4,AV8,Z,8.6,6.2,33,46,1500,172
2014,AUDI,A4 QUATTRO,COMPACT,2,4,AS8,Z,10.1,6.8,28,42,1720,198
2014,AUDI,A4 QUATTRO,COMPACT,2,4,M6,Z,9.4,6.3,30,45,1600,184
2014,AUDI,A5 CABRIOLET,SUBCOMPACT,2,4,AS8,Z,10.1,6.8,28,42,1720,198
2014,AUDI,A5 QUATTRO,SUBCOMPACT,2,4,AS8,Z,10.1,6.8,28,42,1720,198
2014,AUDI,A5 QUATTRO,SUBCOMPACT,2,4,M6,Z,9.4,6.3,30,45,1600,184
2014,AUDI,A6 QUATTRO,MID-SIZE,2,4,AS8,Z,10.5,6.8,27,42,1780,205
2014,AUDI,A6 QUATTRO,MID-SIZE,3,6,AS8,Z,11.3,7.3,25,39,1900,218
2014,AUDI,A6 QUATTRO T,MID-SIZE,3,6,AS8,D,8.5,5.3,33,53,1420,192
2014,AUDI,A7 QUATTRO,MID-SIZE,3,6,AS8,Z,11.6,7.4,24,38,1940,223
2014,AUDI,A7 QUATTRO T,MID-SIZE,3,6,AS8,D,8.5,5.3,33,53,1420,192
2014,AUDI,A8,MID-SIZE,3,6,AS8,Z,11.6,7.4,24,38,1940,223
2014,AUDI,A8,MID-SIZE,4,8,AS8,Z,12,7.2,24,39,1960,225
2014,AUDI,A8 TDI CLEAN,MID-SIZE,3,6,AS8,D,8.7,5.3,32,53,1440,194
2014,AUDI,A8L,FULL-SIZE,3,6,AS8,Z,11.6,7.4,24,38,1940,223
2014,AUDI,A8L,FULL-SIZE,4,8,AS8,Z,13.2,8.2,21,34,2180,251
2014,AUDI,A8L,FULL-SIZE,6.3,12,AS8,Z,16.4,10.8,17,26,2780,320
2014,AUDI,A8L TDI CLEA,FULL-SIZE,3,6,AS8,D,8.7,5.4,32,52,1440,194
2014,AUDI,ALLROAD QUAT,STATION WAG,2,4,AS8,Z,10.4,7.4,27,38,1800,207
2014,AUDI,Q5,SUV - SMALL,2,4,AS8,Z,10.5,7.2,27,39,1800,207
2014,AUDI,Q5,SUV - SMALL,3,6,AS8,Z,11.4,7.8,25,36,1960,225
2014,AUDI,Q5 HYBRID,SUV - SMALL,2,4,AS8,Z,8.6,6.9,33,41,1560,179
2014,AUDI,Q5 TDI CLEAN,SUV - SMALL,3,6,AS8,D,9,6.4,31,44,1560,211
2014,AUDI,Q7,SUV - STAND,3,6,AS8,Z,13.5,9.2,21,31,2320,267
2014,AUDI,Q7 TDI CLEAN,SUV - STAND,3,6,AS8,D,11.5,7.1,25,40,1900,256
2014,AUDI,R8,TWO-SEATER,4.2,8,A7,Z,15.9,9.3,18,30,2580,297
2014,AUDI,R8,TWO-SEATER,4.2,8,M6,Z,19.1,11.4,15,25,3140,361
2014,AUDI,R8,TWO-SEATER,5.2,10,A7,Z,17,9.6,17,29,2740,315
2014,AUDI,R8,TWO-SEATER,5.2,10,M6,Z,19.1,11.8,15,24,3160,363
2014,AUDI,R8 SPYDER,TWO-SEATER,4.2,8,A7,Z,15.9,9.3,18,30,2580,297
2014,AUDI,R8 SPYDER,TWO-SEATER,4.2,8,M6,Z,19.1,11.4,15,25,3140,361
2014,AUDI,R8 SPYDER,TWO-SEATER,5.2,10,A7,Z,17,9.6,17,29,2740,315
2014,AUDI,R8 SPYDER,TWO-SEATER,5.2,10,M6,Z,19.1,11.8,15,24,3160,363
2014,AUDI,RS5,SUBCOMPACT,4.2,8,A7,Z,13.7,9.2,21,31,2340,269
2014,AUDI,RS5 CABRIOLE,SUBCOMPACT,4.2,8,A7,Z,13.6,9.6,21,29,2360,271
2014,AUDI,RS7,MID-SIZE,4,8,AS8,Z,13.7,7.8,21,36,2220,255
2014,AUDI,S4,COMPACT,3,6,A7,Z,11.7,7.7,24,37,1980,228
2014,AUDI,S4,COMPACT,3,6,M6,Z,13.1,8.3,22,34,2180,251
2014,AUDI,S5,SUBCOMPACT,3,6,A7,Z,11.7,7.7,24,37,1980,228
2014,AUDI,S5,SUBCOMPACT,3,6,M6,Z,13.1,8.3,22,34,2180,251
2014,AUDI,S5 CABRIOLET,SUBCOMPACT,3,6,A7,Z,11.8,8,24,35,2020,232
2014,AUDI,S6,MID-SIZE,4,8,A7,Z,12.7,8.2,22,34,2140,246
2014,AUDI,S7,MID-SIZE,4,8,A7,Z,12.7,8.2,22,34,2140,246
2014,AUDI,S8,MID-SIZE,4,8,AS8,Z,13.8,8.3,20,34,2260,260
2014,AUDI,SQ5,SUV - SMALL,3,6,AS8,Z,13.2,8.5,21,33,2220,255
2014,AUDI,TT COUPE QUA,SUBCOMPACT,2,4,A6,Z,9,6.4,31,44,1580,182
2014,AUDI,TT ROADSTER,TWO-SEATER,2,4,A6,Z,9,6.4,31,44,1580,182
2014,AUDI,TTS COUPE QU,SUBCOMPACT,2,4,A6,Z,10.1,7.4,28,38,1780,205
2014,AUDI,TTS ROADSTER,TWO-SEATER,2,4,A6,Z,10.1,7.4,28,38,1780,205
2014,BENTLEY,CONTINENTAL,SUBCOMPACT,4,8,AS8,Z,13.7,8.3,21,34,2260,260
2014,BENTLEY,CONTINENTAL,SUBCOMPACT,6,12,AS8,Z,17,9.8,17,29,2740,315
2014,BENTLEY,CONTINENTAL,SUBCOMPACT,4,8,AS8,Z,15.1,8.7,19,32,2440,281
2014,BENTLEY,CONTINENTAL,SUBCOMPACT,6,12,AS8,Z,18.1,10.4,16,27,2920,336
2014,BENTLEY,CONTINENTAL,SUBCOMPACT,4,8,AS8,Z,15,9,19,31,2460,283
2014,BENTLEY,CONTINENTAL,SUBCOMPACT,6,12,AS8,Z,18.1,10.4,16,27,2920,336
2014,BENTLEY,FLYING SPUR,MID-SIZE,6,12,AS8,Z,18.1,10.4,16,27,2920,336
2014,BENTLEY,MULSANNE,MID-SIZE,6.8,8,AS8,Z,20.3,12.7,14,22,3380,389
2014,BMW,320i,COMPACT,2,4,A8,Z,8.7,5.4,32,52,1440,166
2014,BMW,320i,COMPACT,2,4,M6,Z,9.1,5.6,31,50,1500,172
2014,BMW,320i xDRIVE,COMPACT,2,4,A8,Z,8.9,5.8,32,49,1500,172
2014,BMW,328d xDRIVE,COMPACT,2,4,A8,D,6.4,4.5,44,63,1120,151
2014,BMW,328d xDRIVE,STATION WAG,2,4,A8,D,6.4,4.5,44,63,1120,151
2014,BMW,328i,COMPACT,2,4,A8,Z,8.7,5.4,32,52,1440,166
2014,BMW,328i,COMPACT,2,4,M6,Z,9.1,5.6,31,50,1500,172
2014,BMW,328i xDRIVE,COMPACT,2,4,A8,Z,9.3,6,30,47,1560,179
2014,BMW,328i xDRIVE,FULL-SIZE,2,4,A8,Z,9.3,6,30,47,1560,179
2014,BMW,328i xDRIVE,STATION WAG,2,4,A8,Z,9.3,6,30,47,1560,179
2014,BMW,335i,COMPACT,3,6,A8,Z,10,6.1,28,46,1640,189
2014,BMW,335i,COMPACT,3,6,M6,Z,10.4,6.6,27,43,1740,200
2014,BMW,335i xDRIVE,COMPACT,3,6,A8,Z,10.3,6.5,27,43,1720,198
2014,BMW,335i xDRIVE,COMPACT,3,6,M6,Z,10.5,7,27,40,1780,205
2014,BMW,335i xDRIVE,FULL-SIZE,3,6,A8,Z,10.5,6.7,27,42,1760,202
2014,BMW,428i COUPE,COMPACT,2,4,A8,Z,8.7,5.4,32,52,1440,166
2014,BMW,428i COUPE,COMPACT,2,4,M6,Z,9.1,5.6,31,50,1500,172
2014,BMW,428i xDRIVE,COMPACT,2,4,A8,Z,9.3,6,30,47,1560,179
2014,BMW,435i COUPE,COMPACT,3,6,A8,Z,10,6.1,28,46,1640,189
2014,BMW,435i COUPE,COMPACT,3,6,M6,Z,10.4,6.6,27,43,1740,200
2014,BMW,435i xDRIVE,COMPACT,3,6,A8,Z,10.3,6.5,27,43,1720,198
2014,BMW,435i xDRIVE,COMPACT,3,6,M6,Z,10.5,7,27,40,1780,205
2014,BMW,528i,MID-SIZE,2,4,A8,Z,8.9,5.8,32,49,1500,172
2014,BMW,528i xDRIVE,MID-SIZE,2,4,A8,Z,9.3,6,30,47,1560,179
2014,BMW,535d xDRIVE,MID-SIZE,3,6,A8,D,7.9,5.3,36,53,1340,181
2014,BMW,535i xDRIVE,MID-SIZE,3,6,A8,Z,10.5,6.7,27,42,1760,202
2014,BMW,535i xDRIVE,FULL-SIZE,3,6,A8,Z,11,7.2,26,39,1860,214
2014,BMW,550i xDRIVE,MID-SIZE,4.4,8,A8,Z,12.8,8.1,22,35,2140,246
2014,BMW,550i xDRIVE,FULL-SIZE,4.4,8,A8,Z,13.4,8.3,21,34,2220,255
2014,BMW,640i xDRIVE,COMPACT,3,6,A8,Z,10.5,6.7,27,42,1760,202
2014,BMW,650i xDRIVE,SUBCOMPACT,4.4,8,A8,Z,13.4,8.3,21,34,2220,255
2014,BMW,650i xDRIVE,COMPACT,4.4,8,A8,Z,12.8,8.1,22,35,2140,246
2014,BMW,650i xDRIVE,COMPACT,4.4,8,A8,Z,13.4,8.3,21,34,2220,255
2014,BMW,740Li xDRIVE,FULL-SIZE,3,6,A8,Z,11,7.2,26,39,1860,214
2014,BMW,750i xDRIVE,FULL-SIZE,4.4,8,A8,Z,13.4,8.3,21,34,2220,255
2014,BMW,750Li xDRIVE,FULL-SIZE,4.4,8,A8,Z,13.4,8.3,21,34,2220,255
2014,BMW,760Li,FULL-SIZE,6,12,A8,Z,16.9,9.8,17,29,2740,315
2014,BMW,ACTIVEHYBRID,COMPACT,3,6,A8,Z,7.9,5.9,36,48,1400,161
2014,BMW,ACTIVEHYBRID,MID-SIZE,3,6,A8,Z,9.2,6.6,31,43,1600,184
2014,BMW,ACTIVEHYBRID,FULL-SIZE,3,6,A8,Z,9.2,6.4,31,44,1580,182
2014,BMW,ALPINA B7 xD,FULL-SIZE,4.4,8,A8,Z,13.4,8.3,21,34,2220,255
2014,BMW,ALPINA B7 xD,FULL-SIZE,4.4,8,A8,Z,13.4,8.3,21,34,2220,255
2014,BMW,M5,MID-SIZE,4.4,8,AM7,Z,15.6,9.8,18,29,2600,299
2014,BMW,M5,MID-SIZE,4.4,8,M6,Z,14.5,9.2,19,31,2420,278
2014,BMW,M6,COMPACT,4.4,8,AM7,Z,15.6,9.8,18,29,2600,299
2014,BMW,M6,COMPACT,4.4,8,M6,Z,14.5,9.2,19,31,2420,278
2014,BMW,M6 CABRIOLET,SUBCOMPACT,4.4,8,AM7,Z,15.6,9.8,18,29,2600,299
2014,BMW,M6 CABRIOLET,SUBCOMPACT,4.4,8,M6,Z,14.5,9.2,19,31,2420,278
2014,BMW,M6 GRAN COUP,COMPACT,4.4,8,AM7,Z,15.6,9.8,18,29,2600,299
2014,BMW,M6 GRAN COUP,COMPACT,4.4,8,M6,Z,14.5,9.2,19,31,2420,278
2014,BMW,X1 xDRIVE28i,SUV - SMALL,2,4,A8,Z,9.3,6,30,47,1560,179
2014,BMW,X1 xDRIVE35i,SUV - SMALL,3,6,A6,Z,11.7,7.5,24,38,1960,225
2014,BMW,X3 xDRIVE28i,SUV - SMALL,2,4,A8,Z,9.8,7.1,29,40,1720,198
2014,BMW,X3 xDRIVE35i,SUV - SMALL,3,6,A8,Z,11.1,7.7,25,37,1920,221
2014,BMW,X5 xDRIVE35i,SUV - STAND,3,6,A8,Z,11.4,7.4,25,38,1920,221
2014,BMW,X5 xDRIVE50i,SUV - STAND,4.4,8,A8,Z,14.6,9.2,19,31,2440,281
2014,BMW,X6 M,SUV - STAND,4.4,8,A6,Z,16.3,11.7,17,24,2840,327
2014,BMW,X6 xDRIVE35i,SUV - STAND,3,6,A8,Z,12.1,8.3,23,34,2080,239
2014,BMW,X6 xDRIVE50i,SUV - STAND,4.4,8,A8,Z,14.7,9.6,19,29,2480,285
2014,BMW,Z4 sDRIVE28i,TWO-SEATER,2,4,A8,Z,9.4,5.9,30,48,1560,179
2014,BMW,Z4 sDRIVE28i,TWO-SEATER,2,4,M6,Z,9.1,5.6,31,50,1500,172
2014,BMW,Z4 sDRIVE35i,TWO-SEATER,3,6,AM7,Z,12.2,8.5,23,33,2100,242
2014,BMW,Z4 sDRIVE35i,TWO-SEATER,3,6,M6,Z,11.2,7.6,25,37,1920,221
2014,BMW,Z4 sDRIVE35i,TWO-SEATER,3,6,AM7,Z,12.2,8.5,23,33,2100,242
2014,BUICK,ENCLAVE,SUV - STAND,3.6,6,A6,X,12.7,8.4,22,34,2160,248
2014,BUICK,ENCLAVE AWD,SUV - STAND,3.6,6,A6,X,13,8.6,22,33,2200,253
2014,BUICK,ENCORE,SUV - SMALL,1.4,4,AS6,X,8.2,6,34,47,1440,166
2014,BUICK,ENCORE AWD,SUV - SMALL,1.4,4,AS6,X,8.9,6.7,32,42,1580,182
2014,BUICK,LACROSSE,MID-SIZE,3.6,6,AS6,X,12.2,7.3,23,39,2000,230
2014,BUICK,LACROSSE,MID-SIZE,3.6,6,AS6,E,16.6,10.4,17,27,2760,221
2014,BUICK,LACROSSE AWD,MID-SIZE,3.6,6,AS6,X,12.2,7.5,23,38,2020,232
2014,BUICK,LACROSSE AWD,MID-SIZE,3.6,6,AS6,E,17.5,11.1,16,25,2920,234
2014,BUICK,LACROSSE eAS,MID-SIZE,2.4,4,AS6,X,8.3,5.4,34,52,1400,161
2014,BUICK,REGAL,MID-SIZE,2,4,AS6,Z,10.1,6.6,28,43,1700,196
2014,BUICK,REGAL,MID-SIZE,2,4,M6,Z,10.2,6.3,28,45,1680,193
2014,BUICK,REGAL AWD,MID-SIZE,2,4,AS6,Z,10.9,7.3,26,39,1860,214
2014,BUICK,REGAL eASSIS,MID-SIZE,2.4,4,AS6,X,8.3,5.4,34,52,1400,161
2014,BUICK,VERANO,COMPACT,2,4,AS6,Z,10.1,6.6,28,43,1700,196
2014,BUICK,VERANO,COMPACT,2,4,M6,Z,10.2,6.3,28,45,1680,193
2014,BUICK,VERANO,COMPACT,2.4,4,AS6,X,9.9,6.2,29,46,1660,191
2014,CADILLAC,ATS,COMPACT,2,4,AS6,Z,9.9,6.3,29,45,1660,191
2014,CADILLAC,ATS,COMPACT,2,4,M6,Z,10.7,6.6,26,43,1780,205
2014,CADILLAC,ATS,COMPACT,2.5,4,AS6,X,9.2,6,31,47,1560,179
2014,CADILLAC,ATS,COMPACT,3.6,6,AS6,X,11.3,7.1,25,40,1880,216
2014,CADILLAC,ATS AWD,COMPACT,2,4,AS6,Z,10.4,6.8,27,42,1760,202
2014,CADILLAC,ATS AWD,COMPACT,3.6,6,AS6,X,11.6,7.6,24,37,1960,225
2014,CADILLAC,CTS COUPE,MID-SIZE,3.6,6,AS6,X,11.7,7.3,24,39,1940,223
2014,CADILLAC,CTS COUPE AW,MID-SIZE,3.6,6,AS6,X,11.8,7.6,24,37,1980,228
2014,CADILLAC,CTS SEDAN,MID-SIZE,2,4,AS6,Z,10.5,6.6,27,43,1740,200
2014,CADILLAC,CTS SEDAN,MID-SIZE,3.6,6,AS8,X,11.4,6.9,25,41,1880,216
2014,CADILLAC,CTS SEDAN AW,MID-SIZE,2,4,AS6,Z,11.1,7.1,25,40,1860,214
2014,CADILLAC,CTS SEDAN AW,MID-SIZE,3.6,6,AS6,X,11.6,7.6,24,37,1960,225
2014,CADILLAC,CTS SEDAN Vs,MID-SIZE,3.6,6,AS8,Z,13.5,8.4,21,34,2240,258
2014,CADILLAC,CTS SPORT WA,STATION WAG,3,6,AS6,X,11.2,7.5,25,38,1900,218
2014,CADILLAC,CTS SPORT WA,STATION WAG,3.6,6,AS6,X,11.8,7.5,24,38,1960,225
2014,CADILLAC,CTS SPORT WA,STATION WAG,3,6,AS6,X,11.3,7.7,25,37,1940,223
2014,CADILLAC,CTS SPORT WA,STATION WAG,3.6,6,AS6,X,11.8,7.6,24,37,1980,228
2014,CADILLAC,CTS-V COUPE,MID-SIZE,6.2,8,AS6,Z,17.8,11,16,26,2960,340
2014,CADILLAC,CTS-V COUPE,MID-SIZE,6.2,8,M6,Z,15,10.6,19,27,2620,301
2014,CADILLAC,CTS-V SEDAN,MID-SIZE,6.2,8,AS6,Z,17.8,11,16,26,2960,340
2014,CADILLAC,CTS-V SEDAN,MID-SIZE,6.2,8,M6,Z,15,10.6,19,27,2620,301
2014,CADILLAC,CTS-V SPORT,STATION WAG,6.2,8,AS6,Z,17.8,11,16,26,2960,340
2014,CADILLAC,CTS-V SPORT,STATION WAG,6.2,8,M6,Z,15,10.6,19,27,2620,301
2014,CADILLAC,ESCALADE AWD,SUV - STAND,6.2,8,A6,Z,15.3,10,18,28,2580,297
2014,CADILLAC,ESCALADE AWD,SUV - STAND,6.2,8,A6,E,21.2,13.8,13,20,3580,286
2014,CADILLAC,ESCALADE ESV,SUV - STAND,6.2,8,A6,Z,17,11.4,17,25,2900,334
2014,CADILLAC,ESCALADE ESV,SUV - STAND,6.2,8,A6,E,23.5,15.3,12,18,3960,317
2014,CADILLAC,SRX,SUV - STAND,3.6,6,AS6,X,12.7,8.3,22,34,2140,246
2014,CADILLAC,SRX AWD,SUV - STAND,3.6,6,AS6,X,13.2,8.8,21,32,2240,258
2014,CADILLAC,XTS,FULL-SIZE,3.6,6,AS6,X,12.1,7.2,23,39,1980,228
2014,CADILLAC,XTS AWD,FULL-SIZE,3.6,6,AS6,X,12.5,7.7,23,37,2060,237
2014,CADILLAC,XTS Vsport A,FULL-SIZE,3.6,6,AS6,Z,13.2,8.3,21,34,2200,253
2014,CHEVROLET,CAMARO,COMPACT,3.6,6,AS6,X,11.7,7.3,24,39,1940,223
2014,CHEVROLET,CAMARO,COMPACT,3.6,6,M6,X,12.6,7.2,22,39,2040,235
2014,CHEVROLET,CAMARO 2LS,COMPACT,3.6,6,AS6,X,11.2,6.6,25,43,1820,209
2014,CHEVROLET,CAMARO SS,COMPACT,6.2,8,AS6,Z,13.7,8.3,21,34,2240,258
2014,CHEVROLET,CAMARO SS,COMPACT,6.2,8,M6,Z,13.4,8.4,21,34,2220,255
2014,CHEVROLET,CAMARO ZL1,COMPACT,6.2,8,AS6,Z,17.8,11,16,26,2960,340
2014,CHEVROLET,CAMARO ZL1,COMPACT,6.2,8,M6,Z,15,10.6,19,27,2620,301
2014,CHEVROLET,CORVETTE,TWO-SEATER,6.2,8,AS6,Z,13.3,7.1,21,40,2100,242
2014,CHEVROLET,CORVETTE,TWO-SEATER,6.2,8,M7,Z,12.2,6.9,23,41,1960,225
2014,CHEVROLET,CRUZE,MID-SIZE,1.4,4,AS6,X,7.8,5.2,36,54,1320,152
2014,CHEVROLET,CRUZE,MID-SIZE,1.4,4,M6,X,7.8,5.2,36,54,1320,152
2014,CHEVROLET,CRUZE,MID-SIZE,1.8,4,AS6,X,9.2,5.6,31,50,1520,175
2014,CHEVROLET,CRUZE,MID-SIZE,1.8,4,M6,X,8.2,5.4,34,52,1380,159
2014,CHEVROLET,CRUZE DIESEL,MID-SIZE,2,4,AS6,D,7.5,4.2,38,67,1200,162
2014,CHEVROLET,CRUZE ECO,MID-SIZE,1.4,4,A6,X,7.8,5,36,56,1300,150
2014,CHEVROLET,CRUZE ECO,MID-SIZE,1.4,4,M6,X,7.2,4.6,39,61,1200,138
2014,CHEVROLET,EQUINOX,SUV - SMALL,2.4,4,A6,X,9.2,6.1,31,46,1560,179
2014,CHEVROLET,EQUINOX,SUV - SMALL,3.6,6,A6,X,12.4,8.1,23,35,2100,242
2014,CHEVROLET,EQUINOX,SUV - SMALL,3.6,6,A6,E,17,11.2,17,25,2880,230
2014,CHEVROLET,EQUINOX AWD,SUV - SMALL,2.4,4,A6,X,10.1,6.9,28,41,1740,200
2014,CHEVROLET,EQUINOX AWD,SUV - SMALL,3.6,6,A6,X,13.2,8.4,21,34,2200,253
2014,CHEVROLET,EQUINOX AWD,SUV - SMALL,3.6,6,A6,E,17.9,11.6,16,24,3020,242
2014,CHEVROLET,EXPRESS 1500,VAN - CARGO,4.3,6,A4,X,15.4,10.8,18,26,2660,306
2014,CHEVROLET,EXPRESS 1500,VAN - CARGO,5.3,8,A4,X,16.2,11.4,17,25,2820,324
2014,CHEVROLET,EXPRESS 1500,VAN - CARGO,5.3,8,A4,E,21.4,15.2,13,19,3720,298
2014,CHEVROLET,EXPRESS 1500,VAN - CARGO,5.3,8,A4,X,16.5,12.1,17,23,2900,334
2014,CHEVROLET,EXPRESS 1500,VAN - CARGO,5.3,8,A4,E,21.6,16.1,13,18,3820,306
2014,CHEVROLET,EXPRESS 1500,VAN - CARGO,5.3,8,A4,X,16.8,11.9,17,24,2920,336
2014,CHEVROLET,EXPRESS 1500,VAN - CARGO,5.3,8,A4,E,21.8,15.9,13,18,3820,306
2014,CHEVROLET,EXPRESS 1500,VAN - CARGO,5.3,8,A4,X,16.5,12.1,17,23,2900,334
2014,CHEVROLET,EXPRESS 1500,VAN - CARGO,5.3,8,A4,E,23.1,16.6,12,17,4040,323
2014,CHEVROLET,EXPRESS 1500,VAN - PASSE,5.3,8,A4,X,16.8,11.9,17,24,2920,336
2014,CHEVROLET,EXPRESS 1500,VAN - PASSE,5.3,8,A4,E,21.8,15.9,13,18,3820,306
2014,CHEVROLET,EXPRESS 1500,VAN - PASSE,5.3,8,A4,X,16.5,12.1,17,23,2900,334
2014,CHEVROLET,EXPRESS 1500,VAN - PASSE,5.3,8,A4,E,23.1,16.6,12,17,4040,323
2014,CHEVROLET,EXPRESS 2500,VAN - PASSE,4.8,8,A6,X,19.1,12.1,15,23,3200,368
2014,CHEVROLET,EXPRESS 2500,VAN - PASSE,6,8,A6,X,19.9,12.8,14,22,3340,384
2014,CHEVROLET,EXPRESS 2500,VAN - PASSE,6,8,A6,E,27.5,17.5,10,16,4600,368
2014,CHEVROLET,EXPRESS 3500,VAN - PASSE,4.8,8,A6,X,19.3,12.2,15,23,3220,370
2014,CHEVROLET,EXPRESS 3500,VAN - PASSE,6,8,A6,X,20.1,12.8,14,22,3360,386
2014,CHEVROLET,EXPRESS 3500,VAN - PASSE,6,8,A6,E,27.7,17.6,10,16,4620,370
2014,CHEVROLET,IMPALA,FULL-SIZE,2.5,4,AS6,X,9.9,6.3,29,45,1660,191
2014,CHEVROLET,IMPALA,FULL-SIZE,3.6,6,AS6,X,11.1,6.9,25,41,1840,212
2014,CHEVROLET,IMPALA,FULL-SIZE,3.6,6,AS6,E,15,9.6,19,29,2520,202
2014,CHEVROLET,IMPALA ECO,FULL-SIZE,2.4,4,AS6,X,8.7,5.8,32,49,1480,170
2014,CHEVROLET,MALIBU,MID-SIZE,2,4,AS6,Z,10.1,6.6,28,43,1700,196
2014,CHEVROLET,MALIBU,MID-SIZE,2.5,4,AS6,X,8,5.3,35,53,1360,156
2014,CHEVROLET,ORLANDO,SUV - SMALL,2.4,4,AS6,X,10.8,7.2,26,39,1840,212
2014,CHEVROLET,ORLANDO,SUV - SMALL,2.4,4,M6,X,10.4,7,27,40,1780,205
2014,CHEVROLET,SILVERADO,PICKUP TRUC,6.2,8,A6,Z,14.6,9.7,19,29,2480,285
2014,CHEVROLET,SILVERADO,PICKUP TRUC,4.3,6,A6,X,11.9,8.4,24,34,2080,239
2014,CHEVROLET,SILVERADO,PICKUP TRUC,4.3,6,A6,E,17.1,12.1,17,23,2980,238
2014,CHEVROLET,SILVERADO,PICKUP TRUC,5.3,8,A6,X,13,8.7,22,32,2200,253
2014,CHEVROLET,SILVERADO,PICKUP TRUC,5.3,8,A6,E,17.6,11.7,16,24,2980,238
2014,CHEVROLET,SILVERADO 4W,PICKUP TRUC,4.3,6,A6,X,12.6,9,22,31,2200,253
2014,CHEVROLET,SILVERADO 4W,PICKUP TRUC,4.3,6,A6,E,18.1,12.9,16,22,3140,251
2014,CHEVROLET,SILVERADO 4W,PICKUP TRUC,5.3,8,A6,X,13.3,9,21,31,2280,262
2014,CHEVROLET,SILVERADO 4W,PICKUP TRUC,5.3,8,A6,E,18,12.1,16,23,3080,246
2014,CHEVROLET,SILVERADO 4W,PICKUP TRUC,6.2,8,A6,Z,14.7,9.9,19,29,2500,288
2014,CHEVROLET,SONIC,COMPACT,1.4,4,AS6,X,7.8,5.6,36,50,1360,156
2014,CHEVROLET,SONIC,COMPACT,1.4,4,M6,X,7.3,5.1,39,55,1260,145
2014,CHEVROLET,SONIC,COMPACT,1.8,4,AS6,X,8.3,5.5,34,51,1420,163
2014,CHEVROLET,SONIC,COMPACT,1.8,4,M5,X,7.7,5.6,37,50,1360,156
2014,CHEVROLET,SONIC 5,MID-SIZE,1.4,4,AS6,X,7.8,5.6,36,50,1360,156
2014,CHEVROLET,SONIC 5,MID-SIZE,1.4,4,M6,X,7.3,5.1,39,55,1260,145
2014,CHEVROLET,SONIC 5,MID-SIZE,1.8,4,AS6,X,8.3,5.5,34,51,1420,163
2014,CHEVROLET,SONIC 5,MID-SIZE,1.8,4,M5,X,7.7,5.6,37,50,1360,156
2014,CHEVROLET,SONIC 5 RS,MID-SIZE,1.4,4,AS6,X,8.1,5.8,35,49,1420,163
2014,CHEVROLET,SONIC 5 RS,MID-SIZE,1.4,4,M6,X,7.5,5.8,38,49,1340,154
2014,CHEVROLET,SONIC RS,COMPACT,1.4,4,AS6,X,8.1,5.8,35,49,1420,163
2014,CHEVROLET,SONIC RS,COMPACT,1.4,4,M6,X,7.5,5.8,38,49,1340,154
2014,CHEVROLET,SPARK,SUBCOMPACT,1.2,4,AV,X,6.5,5,43,56,1180,136
2014,CHEVROLET,SPARK,SUBCOMPACT,1.2,4,M5,X,6.4,5,44,56,1140,131
2014,CHEVROLET,SUBURBAN,SUV - STAND,5.3,8,A6,X,14.3,9.4,20,30,2420,278
2014,CHEVROLET,SUBURBAN,SUV - STAND,5.3,8,A6,E,19.5,12.5,14,23,3260,261
2014,CHEVROLET,SUBURBAN 4WD,SUV - STAND,5.3,8,A6,X,14.3,9.4,20,30,2420,278
2014,CHEVROLET,SUBURBAN 4WD,SUV - STAND,5.3,8,A6,E,19.5,12.5,14,23,3260,261
2014,CHEVROLET,TAHOE,SUV - STAND,5.3,8,A6,X,14.3,9.4,20,30,2420,278
2014,CHEVROLET,TAHOE,SUV - STAND,5.3,8,A6,E,19.5,12.5,14,23,3260,261
2014,CHEVROLET,TAHOE 4WD,SUV - STAND,5.3,8,A6,X,14.3,9.4,20,30,2420,278
2014,CHEVROLET,TAHOE 4WD,SUV - STAND,5.3,8,A6,E,19.5,12.5,14,23,3260,261
2014,CHEVROLET,TRAVERSE,SUV - STAND,3.6,6,A6,X,12.7,8.4,22,34,2160,248
2014,CHEVROLET,TRAVERSE AWD,SUV - STAND,3.6,6,A6,X,13,8.6,22,33,2200,253
2014,CHEVROLET,TRAX,SUV - SMALL,1.4,4,AS6,X,8.1,5.9,35,48,1420,163
2014,CHEVROLET,TRAX,SUV - SMALL,1.4,4,M6,X,7.8,5.7,36,50,1360,156
2014,CHEVROLET,TRAX AWD,SUV - SMALL,1.4,4,AS6,X,8.7,6.5,32,43,1540,177
2014,CHRYSLER,300,FULL-SIZE,3.6,6,A8,X,10.9,6.4,26,44,1780,205
2014,CHRYSLER,200 CONVERTI,COMPACT,2.4,4,A4,X,10.3,6.9,27,41,1760,202
2014,CHRYSLER,200 CONVERTI,COMPACT,2.4,4,A6,X,11.5,6.8,25,42,1860,214
2014,CHRYSLER,200 CONVERTI,COMPACT,3.6,6,A6,X,11,6.8,26,42,1820,209
2014,CHRYSLER,200 CONVERTI,COMPACT,3.6,6,A6,E,15.3,9.5,18,30,2540,203
2014,CHRYSLER,200 SEDAN,MID-SIZE,2.4,4,A4,X,9.9,6.7,29,42,1680,193
2014,CHRYSLER,200 SEDAN,MID-SIZE,2.4,4,A6,X,10.5,6.4,27,44,1740,200
2014,CHRYSLER,200 SEDAN FF,MID-SIZE,3.6,6,A6,X,11,6.8,26,42,1820,209
2014,CHRYSLER,200 SEDAN FF,MID-SIZE,3.6,6,A6,E,15.3,9.5,18,30,2540,203
2014,CHRYSLER,300 (MDS),FULL-SIZE,5.7,8,A5,X,14.1,7.8,20,36,2260,260
2014,CHRYSLER,300 AWD,FULL-SIZE,3.6,6,A8,X,11.4,7.3,25,39,1900,218
2014,CHRYSLER,300 AWD (MDS,FULL-SIZE,5.7,8,A5,X,14.4,8.5,20,33,2340,269
2014,CHRYSLER,300 AWD FFV,FULL-SIZE,3.6,6,A8,X,11.4,7.3,25,39,1900,218
2014,CHRYSLER,300 AWD FFV,FULL-SIZE,3.6,6,A8,E,15.6,10,18,28,2600,208
2014,CHRYSLER,300 FFV,FULL-SIZE,3.6,6,A8,X,10.9,6.4,26,44,1780,205
2014,CHRYSLER,300 FFV,FULL-SIZE,3.6,6,A8,E,15.1,8.7,19,32,2440,195
2014,CHRYSLER,300 SRT (MDS,FULL-SIZE,6.4,8,A5,Z,15,8.7,19,32,2440,281
2014,CHRYSLER,TOWN & COUNT,MINIVAN,3.6,6,A6,X,12.5,8,23,35,2100,242
2014,CHRYSLER,TOWN & COUNT,MINIVAN,3.6,6,A6,E,17.8,11.3,16,25,2980,238
2014,DODGE,AVENGER,MID-SIZE,2.4,4,A4,X,9.9,6.7,29,42,1680,193
2014,DODGE,AVENGER,MID-SIZE,2.4,4,A6,X,10.5,6.4,27,44,1740,200
2014,DODGE,AVENGER FFV,MID-SIZE,3.6,6,A6,X,11,6.8,26,42,1820,209
2014,DODGE,AVENGER FFV,MID-SIZE,3.6,6,A6,E,15.3,9.5,18,30,2540,203
2014,DODGE,CHALLENGER,MID-SIZE,3.6,6,A5,X,11.7,7.3,24,39,1940,223
2014,DODGE,CHALLENGER,MID-SIZE,5.7,8,M6,X,14,8.5,20,33,2300,264
2014,DODGE,CHALLENGER (,MID-SIZE,5.7,8,A5,X,14.1,7.8,20,36,2260,260
2014,DODGE,CHALLENGER S,MID-SIZE,6.4,8,M6,Z,15.1,8.8,19,32,2460,283
2014,DODGE,CHALLENGER S,MID-SIZE,6.4,8,A5,Z,15,8.7,19,32,2440,281
2014,DODGE,CHARGER,FULL-SIZE,3.6,6,A5,X,11.7,7.3,24,39,1940,223
2014,DODGE,CHARGER,FULL-SIZE,3.6,6,A8,X,10.9,6.4,26,44,1780,205
2014,DODGE,CHARGER (MDS,FULL-SIZE,5.7,8,A5,X,14.1,7.8,20,36,2260,260
2014,DODGE,CHARGER AWD,FULL-SIZE,3.6,6,A8,X,11.4,7.3,25,39,1900,218
2014,DODGE,CHARGER AWD,FULL-SIZE,5.7,8,A5,X,14.4,8.5,20,33,2340,269
2014,DODGE,CHARGER AWD,FULL-SIZE,3.6,6,A8,X,11.4,7.3,25,39,1900,218
2014,DODGE,CHARGER AWD,FULL-SIZE,3.6,6,A8,E,15.6,10,18,28,2600,208
2014,DODGE,CHARGER FFV,FULL-SIZE,3.6,6,A5,X,11.7,7.3,24,39,1940,223
2014,DODGE,CHARGER FFV,FULL-SIZE,3.6,6,A5,E,16.5,10.7,17,26,2780,222
2014,DODGE,CHARGER FFV,FULL-SIZE,3.6,6,A8,X,10.9,6.4,26,44,1780,205
2014,DODGE,CHARGER FFV,FULL-SIZE,3.6,6,A8,E,15.1,8.7,19,32,2440,195
2014,DODGE,CHARGER SRT,FULL-SIZE,6.4,8,A5,Z,15,8.7,19,32,2440,281
2014,DODGE,DART,MID-SIZE,2,4,M6,X,8.1,5.4,35,52,1380,159
2014,DODGE,DART,MID-SIZE,2.4,4,A6,X,8.8,5.6,32,50,1480,170
2014,DODGE,DART,MID-SIZE,2.4,4,M6,X,9.1,5.6,31,50,1500,172
2014,DODGE,DART FFV,MID-SIZE,2,4,A6,X,8.6,5.8,33,49,1460,168
2014,DODGE,DART FFV,MID-SIZE,2,4,A6,E,12.7,8.2,22,34,2140,171
2014,DODGE,DART GT,MID-SIZE,2.4,4,A6,X,9.2,6.3,31,45,1580,182
2014,DODGE,DART GT,MID-SIZE,2.4,4,M6,X,8.9,5.9,32,48,1500,172
2014,DODGE,DART TURBO A,MID-SIZE,1.4,4,AM6,X,7.2,4.9,39,58,1240,143
2014,DODGE,DART TURBO A,MID-SIZE,1.4,4,M6,X,7.3,4.8,39,59,1220,140
2014,DODGE,DURANGO AWD,SUV - STAND,5.7,8,A8,X,15.6,9.1,18,31,2540,292
2014,DODGE,DURANGO AWD,SUV - STAND,3.6,6,A8,X,12.4,8.3,23,34,2120,244
2014,DODGE,DURANGO AWD,SUV - STAND,3.6,6,A8,E,15.9,11.1,18,25,2760,221
2014,DODGE,GRAND CARAVA,MINIVAN,3.6,6,A6,X,12.2,7.9,23,36,2060,237
2014,DODGE,GRAND CARAVA,MINIVAN,3.6,6,A6,E,17.3,11.2,16,25,2900,232
2014,DODGE,JOURNEY,SUV - SMALL,2.4,4,A4,X,11.2,7.7,25,37,1920,221
2014,DODGE,JOURNEY AWD,SUV - SMALL,3.6,6,A6,X,12.9,8.4,22,34,2180,251
2014,DODGE,JOURNEY FFV,SUV - SMALL,3.6,6,A6,X,12.7,7.9,22,36,2100,242
2014,DODGE,JOURNEY FFV,SUV - SMALL,3.6,6,A6,E,17.1,11,17,26,2880,230
2014,FIAT,500 ABARTH C,MINICOMPACT,1.4,4,M5,X,7.3,5.8,39,49,1320,152
2014,FIAT,500 ABARTH H,MINICOMPACT,1.4,4,M5,X,7.3,5.8,39,49,1320,152
2014,FIAT,500 CABRIO,MINICOMPACT,1.4,4,A6,X,7.4,5.7,38,50,1340,154
2014,FIAT,500 CABRIO,MINICOMPACT,1.4,4,M5,X,6.7,5.2,42,54,1200,138
2014,FIAT,500 CABRIO T,MINICOMPACT,1.4,4,M5,X,7.3,5.8,39,49,1320,152
2014,FIAT,500 HATCHBAC,MINICOMPACT,1.4,4,A6,X,7.4,5.7,38,50,1340,154
2014,FIAT,500 HATCHBAC,MINICOMPACT,1.4,4,M5,X,6.4,4.9,44,58,1140,131
2014,FIAT,500 HATCHBAC,MINICOMPACT,1.4,4,M5,X,7.3,5.8,39,49,1320,152
2014,FIAT,500L TURBO,STATION WAG,1.4,4,AM6,X,8.7,6,32,47,1500,172
2014,FIAT,500L TURBO,STATION WAG,1.4,4,M6,X,8,6,35,47,1420,163
2014,FORD,C-MAX HYBRID,FULL-SIZE,2,4,AV,X,4.6,5.3,61,53,980,113
2014,FORD,E150 VAN FFV,VAN - CARGO,4.6,8,A4,X,15.9,12.3,18,23,2860,329
2014,FORD,E150 VAN FFV,VAN - CARGO,4.6,8,A4,E,22,16.5,13,17,3900,312
2014,FORD,E150 VAN FFV,VAN - CARGO,5.4,8,A4,X,17.4,12.6,16,22,3040,350
2014,FORD,E150 VAN FFV,VAN - CARGO,5.4,8,A4,E,22.7,16.8,12,17,4000,320
2014,FORD,E150 WAGON F,VAN - PASSE,4.6,8,A4,X,16.8,12.5,17,23,2960,340
2014,FORD,E150 WAGON F,VAN - PASSE,4.6,8,A4,E,23.3,17.2,12,16,4120,330
2014,FORD,E350 WAGON,VAN - PASSE,6.8,10,A5,X,21.8,15.3,13,18,3780,435
2014,FORD,E350 WAGON F,VAN - PASSE,5.4,8,A4,X,18.7,13.3,15,21,3260,375
2014,FORD,E350 WAGON F,VAN - PASSE,5.4,8,A4,E,24.4,17.6,12,16,4280,342
2014,FORD,EDGE,SUV - SMALL,2,4,A6,X,9.9,6.6,29,43,1680,193
2014,FORD,EDGE,SUV - SMALL,3.5,6,AS6,X,11.1,7.3,25,39,1880,216
2014,FORD,EDGE AWD,SUV - SMALL,3.5,6,AS6,X,11.8,7.8,24,36,2000,230
2014,FORD,EDGE AWD,SUV - SMALL,3.7,6,AS6,X,12.2,8.8,23,32,2120,244
2014,FORD,ESCAPE,SUV - SMALL,1.6,4,AS6,X,9.1,6.2,31,46,1560,179
2014,FORD,ESCAPE,SUV - SMALL,2,4,AS6,X,9.5,6.7,30,42,1640,189
2014,FORD,ESCAPE,SUV - SMALL,2.5,4,AS6,X,9.5,6.3,30,45,1620,186
2014,FORD,ESCAPE AWD,SUV - SMALL,1.6,4,AS6,X,9.2,6.6,31,43,1600,184
2014,FORD,ESCAPE AWD,SUV - SMALL,2,4,AS6,X,9.8,7.1,29,40,1720,198
2014,FORD,EXPEDITION 4,SUV - STAND,5.4,8,A6,X,16.4,11.3,17,25,2820,324
2014,FORD,EXPEDITION 4,SUV - STAND,5.4,8,A6,E,22.3,15.4,13,18,3840,307
2014,FORD,EXPLORER,SUV - STAND,2,4,A6,X,10.4,7,27,40,1780,205
2014,FORD,EXPLORER AWD,SUV - STAND,3.5,6,AS6,X,13.2,9.1,21,31,2260,260
2014,FORD,EXPLORER FFV,SUV - STAND,3.5,6,AS6,X,12.2,8.2,23,34,2080,239
2014,FORD,EXPLORER FFV,SUV - STAND,3.5,6,AS6,E,16.5,11,17,26,2800,224
2014,FORD,EXPLORER FFV,SUV - STAND,3.5,6,AS6,X,12.7,8.7,22,32,2180,251
2014,FORD,EXPLORER FFV,SUV - STAND,3.5,6,AS6,E,17.1,11.9,17,24,2960,237
2014,FORD,F150,PICKUP TRUC,3.5,6,A6,X,12.9,9,22,31,2220,255
2014,FORD,F150,PICKUP TRUC,3.5,6,AS6,X,13,9,22,31,2240,258
2014,FORD,F150,PICKUP TRUC,6.2,8,AS6,X,16.5,11,17,26,2820,324
2014,FORD,F150 4X4,PICKUP TRUC,3.5,6,A6,X,14.2,9.6,20,29,2420,278
2014,FORD,F150 4X4,PICKUP TRUC,3.5,6,AS6,X,13.8,9.3,20,30,2360,271
2014,FORD,F150 4X4,PICKUP TRUC,6.2,8,AS6,X,18.2,12.3,16,23,3100,356
2014,FORD,F150 FFV,PICKUP TRUC,3.7,6,A6,X,12.5,8.7,23,32,2160,248
2014,FORD,F150 FFV,PICKUP TRUC,3.7,6,A6,E,17,11.7,17,24,2920,234
2014,FORD,F150 FFV,PICKUP TRUC,3.7,6,AS6,X,12.5,8.7,23,32,2160,248
2014,FORD,F150 FFV,PICKUP TRUC,3.7,6,AS6,E,17,11.7,17,24,2920,234
2014,FORD,F150 FFV,PICKUP TRUC,5,8,A6,X,14.7,10.5,19,27,2560,294
2014,FORD,F150 FFV,PICKUP TRUC,5,8,A6,E,20.1,14.3,14,20,3500,280
2014,FORD,F150 FFV,PICKUP TRUC,5,8,AS6,X,14.7,10.5,19,27,2560,294
2014,FORD,F150 FFV,PICKUP TRUC,5,8,AS6,E,20.1,14.3,14,20,3500,280
2014,FORD,F150 FFV 4X4,PICKUP TRUC,3.7,6,A6,X,13.4,9.7,21,29,2340,269
2014,FORD,F150 FFV 4X4,PICKUP TRUC,3.7,6,A6,E,18.3,13.1,15,22,3200,256
2014,FORD,F150 FFV 4X4,PICKUP TRUC,3.7,6,AS6,X,13.4,9.7,21,29,2340,269
2014,FORD,F150 FFV 4X4,PICKUP TRUC,3.7,6,AS6,E,18.3,13.1,15,22,3200,256
2014,FORD,F150 FFV 4X4,PICKUP TRUC,5,8,A6,X,15.1,10.7,19,26,2620,301
2014,FORD,F150 FFV 4X4,PICKUP TRUC,5,8,A6,E,20.4,14.6,14,19,3560,285
2014,FORD,F150 FFV 4X4,PICKUP TRUC,5,8,AS6,X,15,10.6,19,27,2620,301
2014,FORD,F150 FFV 4X4,PICKUP TRUC,5,8,AS6,E,20.4,14.5,14,19,3540,283
2014,FORD,F150 RAPTOR,PICKUP TRUC,6.2,8,AS6,X,18.5,12.8,15,22,3200,368
2014,FORD,FIESTA,SUBCOMPACT,1.6,4,AS6,X,7.3,5.4,39,52,1300,150
2014,FORD,FIESTA,SUBCOMPACT,1.6,4,M5,X,7.4,5.3,38,53,1300,150
2014,FORD,FIESTA SFE,SUBCOMPACT,1,4,M5,X,6.3,4.5,45,63,1100,126
2014,FORD,FIESTA SFE,SUBCOMPACT,1.6,4,AS6,X,6.8,4.8,42,59,1180,136
2014,FORD,FIESTA ST,COMPACT,1.6,4,M6,X,7.7,5.7,37,50,1360,156
2014,FORD,FLEX,SUV - STAND,3.5,6,AS6,X,11.7,7.9,24,36,2000,230
2014,FORD,FLEX AWD,SUV - STAND,3.5,6,AS6,X,12.2,8.6,23,33,2120,244
2014,FORD,FLEX AWD (Ec,SUV - STAND,3.5,6,AS6,X,13.2,8.8,21,32,2240,258
2014,FORD,FOCUS,COMPACT,2,4,M6,X,8.9,6.2,32,46,1520,175
2014,FORD,FOCUS FFV,COMPACT,2,4,A6,X,7.6,5.3,37,53,1320,152
2014,FORD,FOCUS FFV,COMPACT,2,4,A6,E,10.3,7.1,27,40,1760,141
2014,FORD,FOCUS FFV,COMPACT,2,4,AS6,X,7.7,5.3,37,53,1320,152
2014,FORD,FOCUS FFV,COMPACT,2,4,AS6,E,10.3,7.1,27,40,1780,142
2014,FORD,FOCUS FFV,COMPACT,2,4,M5,X,7.8,5.5,36,51,1360,156
2014,FORD,FOCUS FFV,COMPACT,2,4,M5,E,10.5,7.5,27,38,1820,146
2014,FORD,FOCUS SFE FF,COMPACT,2,4,A6,X,7.2,4.8,39,59,1220,140
2014,FORD,FOCUS SFE FF,COMPACT,2,4,A6,E,10.2,7,28,40,1760,141
2014,FORD,FUSION,MID-SIZE,1.5,4,AS6,X,8.8,5.5,32,51,1460,168
2014,FORD,FUSION,MID-SIZE,1.6,4,M6,X,8.1,5.3,35,53,1380,159
2014,FORD,FUSION,MID-SIZE,2,4,AS6,X,9.2,5.9,31,48,1540,177
2014,FORD,FUSION,MID-SIZE,2.5,4,AS6,X,9.2,5.8,31,49,1540,177
2014,FORD,FUSION (Star,MID-SIZE,1.5,4,AS6,X,8.2,5.2,34,54,1360,156
2014,FORD,FUSION AWD,MID-SIZE,2,4,AS6,X,9.5,6.3,30,45,1600,184
2014,FORD,FUSION HYBRI,MID-SIZE,2,4,AV,X,4.3,4.7,66,60,900,104
2014,FORD,MUSTANG,SUBCOMPACT,3.7,6,A6,X,10.7,6.5,26,43,1760,202
2014,FORD,MUSTANG,SUBCOMPACT,3.7,6,M6,X,11.2,6.8,25,42,1840,212
2014,FORD,MUSTANG,SUBCOMPACT,5,8,A6,X,11.8,7.8,24,36,2000,230
2014,FORD,MUSTANG,SUBCOMPACT,5,8,M6,X,13.8,7.9,20,36,2220,255
2014,FORD,MUSTANG,SUBCOMPACT,5.8,8,M6,Z,14.2,8.4,20,34,2320,267
2014,FORD,MUSTANG CONV,SUBCOMPACT,3.7,6,A6,X,11,6.9,26,41,1820,209
2014,FORD,TAURUS,FULL-SIZE,2,4,AS6,X,9.2,6.1,31,46,1560,179
2014,FORD,TAURUS AWD,FULL-SIZE,3.5,6,AS6,X,12.2,7.9,23,36,2060,237
2014,FORD,TAURUS FFV,FULL-SIZE,3.5,6,AS6,X,10.7,6.8,26,42,1800,207
2014,FORD,TAURUS FFV,FULL-SIZE,3.5,6,AS6,E,15.3,9.4,18,30,2540,203
2014,FORD,TAURUS FFV A,FULL-SIZE,3.5,6,AS6,X,11.5,7.7,25,37,1960,225
2014,FORD,TAURUS FFV A,FULL-SIZE,3.5,6,AS6,E,16.6,10.6,17,27,2780,222
2014,FORD,TRANSIT CONN,VAN - CARGO,1.6,4,AS6,X,9.4,6.7,30,42,1640,189
2014,FORD,TRANSIT CONN,VAN - CARGO,2.5,4,AS6,X,9.9,6.9,29,41,1720,198
2014,FORD,TRANSIT CONN,VAN - PASSE,1.6,4,AS6,X,10.1,7,28,40,1740,200
2014,FORD,TRANSIT CONN,VAN - PASSE,2.5,4,AS6,X,10.5,7.1,27,40,1800,207
2014,GMC,ACADIA,SUV - STAND,3.6,6,A6,X,12.7,8.4,22,34,2160,248
2014,GMC,ACADIA AWD,SUV - STAND,3.6,6,A6,X,13.3,8.8,21,32,2240,258
2014,GMC,SAVANA 1500,VAN - CARGO,4.3,6,A4,X,15.4,10.8,18,26,2660,306
2014,GMC,SAVANA 1500,VAN - CARGO,5.3,8,A4,X,16.2,11.4,17,25,2820,324
2014,GMC,SAVANA 1500,VAN - CARGO,5.3,8,A4,E,21.4,15.2,13,19,3720,298
2014,GMC,SAVANA 1500,VAN - CARGO,5.3,8,A4,X,16.5,12.1,17,23,2900,334
2014,GMC,SAVANA 1500,VAN - CARGO,5.3,8,A4,E,21.6,16.1,13,18,3820,306
2014,GMC,SAVANA 1500,VAN - CARGO,5.3,8,A4,X,16.8,11.9,17,24,2920,336
2014,GMC,SAVANA 1500,VAN - CARGO,5.3,8,A4,E,21.8,15.9,13,18,3820,306
2014,GMC,SAVANA 1500,VAN - CARGO,5.3,8,A4,X,16.5,12.1,17,23,2900,334
2014,GMC,SAVANA 1500,VAN - CARGO,5.3,8,A4,E,23.1,16.6,12,17,4040,323
2014,GMC,SAVANA 1500,VAN - PASSE,5.3,8,A4,X,16.8,11.9,17,24,2920,336
2014,GMC,SAVANA 1500,VAN - PASSE,5.3,8,A4,E,21.8,15.9,13,18,3820,306
2014,GMC,SAVANA 1500,VAN - PASSE,5.3,8,A4,X,16.5,12.1,17,23,2900,334
2014,GMC,SAVANA 1500,VAN - PASSE,5.3,8,A4,E,23.1,16.6,12,17,4040,323
2014,GMC,SAVANA 2500,VAN - PASSE,4.8,8,A6,X,19.1,12.1,15,23,3200,368
2014,GMC,SAVANA 2500,VAN - PASSE,6,8,A6,X,19.9,12.8,14,22,3340,384
2014,GMC,SAVANA 2500,VAN - PASSE,6,8,A6,E,27.5,17.5,10,16,4600,368
2014,GMC,SAVANA 3500,VAN - PASSE,4.8,8,A6,X,19.3,12.2,15,23,3220,370
2014,GMC,SAVANA 3500,VAN - PASSE,6,8,A6,X,20.1,12.8,14,22,3360,386
2014,GMC,SAVANA 3500,VAN - PASSE,6,8,A6,E,27.7,17.6,10,16,4620,370
2014,GMC,SIERRA,PICKUP TRUC,4.3,6,A6,X,11.9,8.4,24,34,2080,239
2014,GMC,SIERRA,PICKUP TRUC,4.3,6,A6,E,17.1,12.1,17,23,2980,238
2014,GMC,SIERRA,PICKUP TRUC,5.3,8,A6,X,13,8.7,22,32,2200,253
2014,GMC,SIERRA,PICKUP TRUC,5.3,8,A6,E,17.6,11.7,16,24,2980,238
2014,GMC,SIERRA,PICKUP TRUC,6.2,8,A6,Z,14.6,9.7,19,29,2480,285
2014,GMC,SIERRA 4WD,PICKUP TRUC,4.3,6,A6,X,12.6,9,22,31,2200,253
2014,GMC,SIERRA 4WD,PICKUP TRUC,4.3,6,A6,E,18.1,12.9,16,22,3140,251
2014,GMC,SIERRA 4WD,PICKUP TRUC,5.3,8,A6,X,13.3,9,21,31,2280,262
2014,GMC,SIERRA 4WD,PICKUP TRUC,5.3,8,A6,E,18,12.1,16,23,3080,246
2014,GMC,SIERRA 4WD,PICKUP TRUC,6.2,8,A6,Z,14.7,9.9,19,29,2500,288
2014,GMC,TERRAIN,SUV - SMALL,2.4,4,A6,X,9.2,6.1,31,46,1560,179
2014,GMC,TERRAIN,SUV - SMALL,3.6,6,A6,X,12.4,8.1,23,35,2100,242
2014,GMC,TERRAIN,SUV - SMALL,3.6,6,A6,E,17,11.2,17,25,2880,230
2014,GMC,TERRAIN AWD,SUV - SMALL,2.4,4,A6,X,10.1,6.9,28,41,1740,200
2014,GMC,TERRAIN AWD,SUV - SMALL,3.6,6,A6,X,13.2,8.4,21,34,2200,253
2014,GMC,TERRAIN AWD,SUV - SMALL,3.6,6,A6,E,17.9,11.6,16,24,3020,242
2014,GMC,YUKON,SUV - STAND,5.3,8,A6,X,14.3,9.4,20,30,2420,278
2014,GMC,YUKON,SUV - STAND,5.3,8,A6,E,19.5,12.5,14,23,3260,261
2014,GMC,YUKON 4WD,SUV - STAND,5.3,8,A6,X,14.3,9.4,20,30,2420,278
2014,GMC,YUKON 4WD,SUV - STAND,5.3,8,A6,E,19.5,12.5,14,23,3260,261
2014,GMC,YUKON DENALI,SUV - STAND,6.2,8,A6,Z,15.3,10,18,28,2580,297
2014,GMC,YUKON DENALI,SUV - STAND,6.2,8,A6,E,21.2,13.8,13,20,3580,286
2014,GMC,YUKON DENALI,SUV - STAND,6.2,8,A6,Z,17,11.4,17,25,2900,334
2014,GMC,YUKON DENALI,SUV - STAND,6.2,8,A6,E,23.5,15.3,12,18,3960,317
2014,GMC,YUKON XL,SUV - STAND,5.3,8,A6,X,14.3,9.4,20,30,2420,278
2014,GMC,YUKON XL,SUV - STAND,5.3,8,A6,E,19.5,12.5,14,23,3260,261
2014,GMC,YUKON XL 4WD,SUV - STAND,5.3,8,A6,X,14.3,9.4,20,30,2420,278
2014,GMC,YUKON XL 4WD,SUV - STAND,5.3,8,A6,E,19.5,12.5,14,23,3260,261
2014,HONDA,ACCORD,MID-SIZE,2.4,4,AV,X,7.8,5.5,36,51,1340,154
2014,HONDA,ACCORD,MID-SIZE,2.4,4,AV7,X,7.8,5.7,36,50,1380,159
2014,HONDA,ACCORD,MID-SIZE,2.4,4,M6,X,8.8,5.8,32,49,1480,170
2014,HONDA,ACCORD,MID-SIZE,3.5,6,A6,X,9.6,5.7,29,50,1580,182
2014,HONDA,ACCORD,MID-SIZE,3.5,6,AS6,X,10,6.1,28,46,1640,189
2014,HONDA,ACCORD,MID-SIZE,3.5,6,M6,X,11.5,7.1,25,40,1900,218
2014,HONDA,ACCORD HYBRI,MID-SIZE,2,4,AV,X,3.7,4,76,71,760,87
2014,HONDA,CIVIC,COMPACT,1.8,4,AV,X,6.7,5,42,56,1200,138
2014,HONDA,CIVIC,COMPACT,1.8,4,AV7,X,6.9,5.1,41,55,1220,140
2014,HONDA,CIVIC,COMPACT,1.8,4,M5,X,7.3,5.5,39,51,1300,150
2014,HONDA,CROSSTOUR AW,SUV - SMALL,3.5,6,A6,X,11.1,7.1,25,40,1860,214
2014,HONDA,CR-V,SUV - SMALL,2.4,4,A5,X,9,6.4,31,44,1560,179
2014,HONDA,CR-V AWD,SUV - SMALL,2.4,4,A5,X,9.2,6.6,31,43,1620,186
2014,HONDA,CR-Z,TWO-SEATER,1.5,4,AV7,X,5.4,5,52,56,1040,120
2014,HONDA,CR-Z,TWO-SEATER,1.5,4,M6,X,6.4,5.1,44,55,1160,133
2014,HONDA,FIT,STATION WAG,1.5,4,A5,X,7.1,5.4,40,52,1260,145
2014,HONDA,FIT,STATION WAG,1.5,4,M5,X,7.1,5.7,40,50,1300,150
2014,HONDA,ODYSSEY,MINIVAN,3.5,6,A6,X,10.9,7.1,26,40,1840,212
2014,HONDA,PILOT,SUV - SMALL,3.5,6,A5,X,11.8,7.8,24,36,2000,230
2014,HONDA,PILOT AWD,SUV - SMALL,3.5,6,A5,X,12.3,8.2,23,34,2100,242
2014,HONDA,RIDGELINE AW,PICKUP TRUC,3.5,6,A5,X,13.6,9.6,21,29,2360,271
2014,HYUNDAI,ACCENT,COMPACT,1.6,4,A6,X,7.6,5.2,37,54,1300,150
2014,HYUNDAI,ACCENT,COMPACT,1.6,4,M6,X,7.5,5.3,38,53,1300,150
2014,HYUNDAI,ELANTRA GT,MID-SIZE,2,4,A6,X,8.5,6,33,47,1460,168
2014,HYUNDAI,ELANTRA GT,MID-SIZE,2,4,M6,X,8.5,5.8,33,49,1460,168
2014,HYUNDAI,EQUUS,FULL-SIZE,5,8,A8,Z,14.1,8.6,20,33,2340,269
2014,HYUNDAI,GENESIS,FULL-SIZE,3.8,6,A8,X,11.5,7.3,25,39,1920,221
2014,HYUNDAI,SONATA,FULL-SIZE,2,4,A6,X,10,6.3,28,45,1680,193
2014,HYUNDAI,SONATA,FULL-SIZE,2.4,4,A6,X,8.5,5.8,33,49,1460,168
2014,HYUNDAI,SONATA HYBRI,MID-SIZE,2.4,4,AS6,X,5.4,4.9,52,58,1040,120
2014,HYUNDAI,SONATA HYBRI,MID-SIZE,2.4,4,AS6,X,5.5,4.9,51,58,1040,120
2014,HYUNDAI,VELOSTER,COMPACT,1.6,4,AM6,X,7.4,5.5,38,51,1300,150
2014,HYUNDAI,VELOSTER,COMPACT,1.6,4,M6,X,7.8,5.6,36,50,1360,156
2014,HYUNDAI,VELOSTER TUR,COMPACT,1.6,4,A6,X,8.6,6.3,33,45,1520,175
2014,HYUNDAI,VELOSTER TUR,COMPACT,1.6,4,M6,X,8.4,5.9,34,48,1460,168
2014,HYUNDAI,SANTA FE,SUV - SMALL,3.3,6,A6,X,11.5,7.7,25,37,1960,225
2014,HYUNDAI,SANTA FE 4WD,SUV - SMALL,3.3,6,A6,X,11.8,8,24,35,2020,232
2014,HYUNDAI,SANTA FE SPO,SUV - SMALL,2.4,4,A6,X,10.2,7.3,28,39,1780,205
2014,HYUNDAI,SANTA FE SPO,SUV - SMALL,2,4,A6,X,11.4,8.2,25,34,2000,230
2014,HYUNDAI,SANTA FE SPO,SUV - SMALL,2.4,4,A6,X,11,7.9,26,36,1920,221
2014,HYUNDAI,TUCSON,SUV - SMALL,2,4,A6,X,8.9,6.9,32,41,1600,184
2014,HYUNDAI,TUCSON,SUV - SMALL,2,4,M6,X,10,7.2,28,39,1740,200
2014,HYUNDAI,TUCSON,SUV - SMALL,2.4,4,A6,X,9.9,7,29,40,1720,198
2014,HYUNDAI,TUCSON 4WD,SUV - SMALL,2,4,A6,X,10,7.8,28,36,1800,207
2014,HYUNDAI,TUCSON 4WD,SUV - SMALL,2.4,4,A6,X,10.2,7.8,28,36,1820,209
2014,INFINITI,Q50,MID-SIZE,3.7,6,AS7,Z,10.6,6.7,27,42,1760,202
2014,INFINITI,Q50 AWD,MID-SIZE,3.7,6,AS7,Z,11.1,7.3,25,39,1880,216
2014,INFINITI,Q50 HYBRID,COMPACT,3.5,6,AS7,Z,7,5.6,40,50,1280,147
2014,INFINITI,Q50 HYBRID A,COMPACT,3.5,6,AS7,Z,7.5,6.3,38,45,1400,161
2014,INFINITI,Q60 CONVERTI,SUBCOMPACT,3.7,6,AS7,Z,12.1,7.8,23,36,2040,235
2014,INFINITI,Q60 CONVERTI,SUBCOMPACT,3.7,6,M6,Z,12.7,8.3,22,34,2140,246
2014,INFINITI,Q60 COUPE,SUBCOMPACT,3.7,6,AS7,Z,11.4,7.5,25,38,1920,221
2014,INFINITI,Q60 COUPE,SUBCOMPACT,3.7,6,M6,Z,12,7.8,24,36,2040,235
2014,INFINITI,Q60 AWD COUP,SUBCOMPACT,3.7,6,AS7,Z,11.8,7.9,24,36,2020,232
2014,INFINITI,Q70,MID-SIZE,3.7,6,AS7,Z,11.3,7.5,25,38,1920,221
2014,INFINITI,Q70,MID-SIZE,5.6,8,AS7,Z,12.9,8,22,35,2140,246
2014,INFINITI,Q70 AWD,MID-SIZE,3.7,6,AS7,Z,11.7,8.1,24,35,2020,232
2014,INFINITI,Q70 AWD,MID-SIZE,5.6,8,AS7,Z,13.4,8.6,21,33,2260,260
2014,INFINITI,Q70 HYBRID,MID-SIZE,3.5,6,AS7,Z,6.8,5.8,42,49,1280,147
2014,INFINITI,QX50 AWD,STATION WAG,3.7,6,AS7,Z,12.1,8.1,23,35,2060,237
2014,INFINITI,QX60,SUV - SMALL,3.5,6,AV,Z,10.5,7.6,27,37,1840,212
2014,INFINITI,QX60 AWD,SUV - SMALL,3.5,6,AV,Z,10.9,7.8,26,36,1900,218
2014,INFINITI,QX60 HYBRID,SUV - STAND,2.5,4,AV,X,7.6,6.9,37,41,1460,168
2014,INFINITI,QX70 AWD,SUV - SMALL,3.7,6,AS7,Z,12.9,9.1,22,31,2240,258
2014,INFINITI,QX70 AWD,SUV - SMALL,5,8,AS7,Z,14.9,10.1,19,28,2560,294
2014,INFINITI,QX80 4WD,SUV - STAND,5.6,8,AS7,Z,15.7,10.3,18,27,2640,304
2014,JAGUAR,F-TYPE CONVE,TWO-SEATER,3,6,AS8,Z,10.4,7.1,27,40,1780,205
2014,JAGUAR,F-TYPE S CON,TWO-SEATER,3,6,AS8,Z,10.8,7.3,26,39,1840,212
2014,JAGUAR,F-TYPE V8 S,TWO-SEATER,5,8,AS8,Z,13.4,8.6,21,33,2240,258
2014,JAGUAR,XF,MID-SIZE,2,4,AS8,Z,10.8,6.9,26,41,1820,209
2014,JAGUAR,XF 3.0L AWD,MID-SIZE,3,6,AS8,Z,13.1,7.7,22,37,2140,246
2014,JAGUAR,XFR,MID-SIZE,5,8,AS8,Z,14,8.7,20,32,2320,267
2014,JAGUAR,XFR,MID-SIZE,5,8,AS8,E,19.4,12,15,24,3220,258
2014,JAGUAR,XFR-S,MID-SIZE,5,8,AS8,Z,14,8.7,20,32,2320,267
2014,JAGUAR,XJ AWD,FULL-SIZE,3,6,AS8,Z,13,8.1,22,35,2160,248
2014,JAGUAR,XJ SUPERCHAR,FULL-SIZE,5,8,AS8,Z,14.2,8.6,20,33,2340,269
2014,JAGUAR,XJ SUPERCHAR,FULL-SIZE,5,8,AS8,E,18.7,11.6,15,24,3100,248
2014,JAGUAR,XJL AWD PORT,FULL-SIZE,3,6,AS8,Z,13.2,8.1,21,35,2180,251
2014,JAGUAR,XJL SUPERCHA,FULL-SIZE,5,8,AS8,Z,14.2,8.6,20,33,2340,269
2014,JAGUAR,XJL SUPERCHA,FULL-SIZE,5,8,AS8,E,18.7,11.6,15,24,3100,248
2014,JAGUAR,XJR,FULL-SIZE,5,8,AS8,Z,14.2,8.6,20,33,2340,269
2014,JAGUAR,XJR LWB,FULL-SIZE,5,8,AS8,Z,14.2,8.6,20,33,2340,269
2014,JAGUAR,XK CONVERTIB,MINICOMPACT,5,8,AS6,Z,13.5,9,21,31,2280,262
2014,JAGUAR,XK COUPE,MINICOMPACT,5,8,AS6,Z,13.2,8.4,21,34,2220,255
2014,JAGUAR,XKR CONVERTI,MINICOMPACT,5,8,AS6,Z,14.2,9.2,20,31,2400,276
2014,JAGUAR,XKR COUPE,MINICOMPACT,5,8,AS6,Z,13.9,9.2,20,31,2360,271
2014,JAGUAR,XKR-S CONVER,MINICOMPACT,5,8,AS6,Z,14.2,9.2,20,31,2400,276
2014,JAGUAR,XKR-S COUPE,MINICOMPACT,5,8,AS6,Z,13.9,9.2,20,31,2360,271
2014,JEEP,CHEROKEE,SUV - SMALL,2.4,4,A9,X,9.6,6.4,29,44,1640,189
2014,JEEP,CHEROKEE,SUV - SMALL,3.2,6,A9,X,10.8,7,26,40,1820,209
2014,JEEP,CHEROKEE 4X4,SUV - SMALL,2.4,4,A9,X,9.9,7,29,40,1720,198
2014,JEEP,CHEROKEE 4X4,SUV - SMALL,3.2,6,A9,X,11.1,7.4,25,38,1880,216
2014,JEEP,CHEROKEE 4X4,SUV - SMALL,2.4,4,A9,X,10,7.3,28,39,1760,202
2014,JEEP,CHEROKEE 4X4,SUV - SMALL,3.2,6,A9,X,11.1,7.7,25,37,1900,218
2014,JEEP,CHEROKEE TRA,SUV - SMALL,2.4,4,A9,X,10.7,7.9,26,36,1880,216
2014,JEEP,CHEROKEE TRA,SUV - SMALL,3.2,6,A9,X,11.9,8,24,35,2020,232
2014,JEEP,COMPASS,SUV - SMALL,2,4,A6,X,9.7,7,29,40,1700,195
2014,JEEP,COMPASS,SUV - SMALL,2,4,M5,X,8.9,6.6,32,43,1580,182
2014,JEEP,COMPASS,SUV - SMALL,2.4,4,A6,X,9.8,7,29,40,1700,195
2014,JEEP,COMPASS,SUV - SMALL,2.4,4,M5,X,9,7,31,40,1620,186
2014,JEEP,COMPASS 4X4,SUV - SMALL,2.4,4,A6,X,10,7.4,28,38,1760,202
2014,JEEP,COMPASS 4X4,SUV - SMALL,2.4,4,M5,X,9,7,31,40,1620,186
2014,JEEP,COMPASS 4X4,SUV - SMALL,2.4,4,AV,X,10.3,8.7,27,32,1920,221
2014,JEEP,GRAND CHEROK,SUV - STAND,5.7,8,A8,X,15.6,9.9,18,29,2600,299
2014,JEEP,GRAND CHEROK,SUV - STAND,3,6,A8,D,9.8,7,29,40,1720,232
2014,JEEP,GRAND CHEROK,SUV - STAND,3.6,6,A8,X,12.4,8.3,23,34,2120,244
2014,JEEP,GRAND CHEROK,SUV - STAND,3.6,6,A8,E,15.9,11.1,18,25,2760,221
2014,JEEP,GRAND CHEROK,SUV - STAND,6.4,8,A8,Z,16.6,10.7,17,26,2800,322
2014,JEEP,PATRIOT,SUV - SMALL,2,4,A6,X,9.7,7,29,40,1700,195
2014,JEEP,PATRIOT,SUV - SMALL,2,4,M5,X,8.9,6.6,32,43,1580,182
2014,JEEP,PATRIOT,SUV - SMALL,2.4,4,A6,X,9.8,7,29,40,1700,195
2014,JEEP,PATRIOT,SUV - SMALL,2.4,4,M5,X,9,7,31,40,1620,186
2014,JEEP,PATRIOT 4X4,SUV - SMALL,2.4,4,A6,X,10,7.4,28,38,1760,202
2014,JEEP,PATRIOT 4X4,SUV - SMALL,2.4,4,M5,X,9,7,31,40,1620,186
2014,JEEP,PATRIOT 4X4,SUV - SMALL,2.4,4,AV,X,10.3,8.7,27,32,1920,221
2014,JEEP,WRANGLER 4X4,SUV - SMALL,3.6,6,A5,X,12.6,9.4,22,30,2240,258
2014,JEEP,WRANGLER 4X4,SUV - SMALL,3.6,6,M6,X,12.7,9.3,22,30,2240,258
2014,JEEP,WRANGLER UNL,SUV - SMALL,3.6,6,A5,X,13.2,10,21,28,2340,269
2014,JEEP,WRANGLER UNL,SUV - SMALL,3.6,6,M6,X,13.4,9.6,21,29,2340,269
2014,KIA,CADENZA,FULL-SIZE,3.3,6,A6,X,11.2,7.4,25,38,1900,218
2014,KIA,FORTE,MID-SIZE,1.8,4,A6,X,8.3,5.5,34,51,1400,161
2014,KIA,FORTE,MID-SIZE,1.8,4,M6,X,8,5.3,35,53,1360,156
2014,KIA,FORTE,MID-SIZE,2,4,A6,X,8.5,5.5,33,51,1440,166
2014,KIA,FORTE,MID-SIZE,2,4,M6,X,8.4,5.7,34,50,1440,166
2014,KIA,FORTE 5,MID-SIZE,1.6,4,A6,X,9.7,6.7,29,42,1680,193
2014,KIA,FORTE 5,MID-SIZE,1.6,4,M6,X,9.7,6.9,29,41,1680,193
2014,KIA,FORTE 5,MID-SIZE,2,4,A6,X,8.4,5.7,34,50,1440,166
2014,KIA,FORTE 5,MID-SIZE,2,4,M6,X,8.5,5.8,33,49,1460,168
2014,KIA,FORTE KOUP,MID-SIZE,1.6,4,A6,X,9.3,6.6,30,43,1620,186
2014,KIA,FORTE KOUP,MID-SIZE,1.6,4,M6,X,9.4,6.8,30,42,1660,191
2014,KIA,FORTE KOUP,MID-SIZE,2,4,A6,X,8.3,5.8,34,49,1440,166
2014,KIA,FORTE KOUP,MID-SIZE,2,4,M6,X,8.5,6,33,47,1480,170
2014,KIA,OPTIMA,MID-SIZE,2,4,A6,X,10.3,6.4,27,44,1720,198
2014,KIA,OPTIMA,MID-SIZE,2.4,4,A6,X,8.9,5.7,32,50,1500,172
2014,KIA,RIO,COMPACT,1.6,4,A6,X,7.5,5.2,38,54,1300,150
2014,KIA,RIO,COMPACT,1.6,4,M6,X,7.5,5.3,38,53,1300,150
2014,KIA,RIO ECO,COMPACT,1.6,4,A6,X,7.3,5.3,39,53,1280,147
2014,KIA,RONDO,STATION WAG,2,4,A6,X,9.2,6.3,31,45,1580,182
2014,KIA,RONDO,STATION WAG,2,4,M6,X,9.4,6.2,30,46,1600,184
2014,KIA,SEDONA,MINIVAN,3.5,6,A6,X,12.2,8.4,23,34,2100,242
2014,KIA,SORENTO,SUV - SMALL,2.4,4,A6,X,10.4,7.1,27,40,1780,205
2014,KIA,SORENTO,SUV - SMALL,3.3,6,A6,X,11.4,8,25,35,1960,225
2014,KIA,SORENTO 4WD,SUV - SMALL,2.4,4,A6,X,10.9,7.8,26,36,1900,218
2014,KIA,SORENTO 4WD,SUV - SMALL,3.3,6,A6,X,11.9,8.4,24,34,2060,237
2014,KIA,SOUL,STATION WAG,1.6,4,A6,X,8.5,6.6,33,43,1520,175
2014,KIA,SOUL,STATION WAG,1.6,4,M6,X,8.6,6.5,33,43,1540,177
2014,KIA,SOUL,STATION WAG,2,4,A6,X,8.8,6.5,32,43,1540,177
2014,KIA,SOUL ECO Dyn,STATION WAG,2,4,A6,X,8.4,6.5,34,43,1500,172
2014,KIA,SPORTAGE,SUV - SMALL,2.4,4,A6,X,10,7,28,40,1720,198
2014,KIA,SPORTAGE,SUV - SMALL,2.4,4,M6,X,11.4,7.8,25,36,1960,225
2014,KIA,SPORTAGE AWD,SUV - SMALL,2,4,A6,X,11.2,8.2,25,34,1960,225
2014,KIA,SPORTAGE AWD,SUV - SMALL,2.4,4,A6,X,10.6,7.7,27,37,1860,214
2014,LAMBORGHINI,AVENTADOR CO,TWO-SEATER,6.5,12,A7,Z,20.7,11,14,26,3260,375
2014,LAMBORGHINI,GALLARDO COU,TWO-SEATER,5.2,10,A6,Z,16.2,10.9,17,26,2760,317
2014,LAMBORGHINI,GALLARDO COU,TWO-SEATER,5.2,10,M6,Z,18.7,11.5,15,25,3000,345
2014,LAND ROVER,LR2,SUV - SMALL,2,4,AS6,Z,12,8.4,24,34,2080,239
2014,LAND ROVER,LR4,SUV - STAND,3,6,AS8,Z,14.6,10.5,19,27,2560,294
2014,LAND ROVER,RANGE ROVER,SUV - STAND,3,6,AS8,Z,12.6,8.6,22,33,2160,248
2014,LAND ROVER,RANGE ROVER,SUV - STAND,3,6,AS8,Z,12.6,8.6,22,33,2160,248
2014,LAND ROVER,RANGE ROVER,SUV - STAND,3,6,AS8,E,17.5,12.6,16,22,3060,245
2014,LAND ROVER,RANGE ROVER,SUV - STAND,5,8,AS8,Z,16.2,10.4,17,27,2720,313
2014,LAND ROVER,RANGE ROVER,SUV - STAND,5,8,AS8,Z,15.5,10.6,18,27,2660,306
2014,LAND ROVER,RANGE ROVER,SUV - STAND,5,8,AS8,E,22.8,14.5,12,19,3820,306
2014,LAND ROVER,RANGE ROVER,SUV - SMALL,2,4,AS9,Z,9.9,6.6,29,43,1680,193
2014,LAND ROVER,RANGE ROVER,SUV - SMALL,2,4,AS9,Z,9.9,6.6,29,43,1680,193
2014,LAND ROVER,RANGE ROVER,SUV - STAND,5,8,AS8,Z,16.2,10.4,17,27,2720,313
2014,LAND ROVER,RANGE ROVER,SUV - STAND,5,8,AS8,Z,15.5,10.6,18,27,2660,306
2014,LAND ROVER,RANGE ROVER,SUV - STAND,5,8,AS8,E,22.8,14.5,12,19,3820,306
2014,LAND ROVER,RANGE ROVER,SUV - STAND,3,6,AS8,Z,12.6,8.6,22,33,2160,248
2014,LAND ROVER,RANGE ROVER,SUV - STAND,3,6,AS8,Z,12.6,8.6,22,33,2160,248
2014,LAND ROVER,RANGE ROVER,SUV - STAND,3,6,AS8,E,17.5,12.7,16,22,3080,246
2014,LAND ROVER,RANGE ROVER,SUV - STAND,5,8,AS8,Z,15.5,10.4,18,27,2640,304
2014,LAND ROVER,RANGE ROVER,SUV - STAND,5,8,AS8,Z,14.9,10.4,19,27,2580,297
2014,LAND ROVER,RANGE ROVER,SUV - STAND,5,8,AS8,E,21.9,14.2,13,20,3700,296
2014,LEXUS,CT 200h,COMPACT,1.8,4,AV,X,4.5,4.8,63,59,920,106
2014,LEXUS,ES 300h,MID-SIZE,2.5,4,AS6,X,4.7,5.1,60,55,960,110
2014,LEXUS,ES 350,MID-SIZE,3.5,6,AS6,X,9.9,6.4,29,44,1660,191
2014,LEXUS,GS 350,MID-SIZE,3.5,6,AS8,Z,10.7,7,26,40,1800,207
2014,LEXUS,GS 350 AWD,MID-SIZE,3.5,6,AS6,Z,11,7.7,26,37,1900,218
2014,LEXUS,GS 450h,MID-SIZE,3.5,6,AS8,Z,6.5,6.2,43,46,1280,147
2014,LEXUS,GX 460,SUV - STAND,4.6,8,AS6,Z,14.1,10,20,28,2440,281
2014,LEXUS,IS 250,COMPACT,2.5,6,AS6,Z,9.8,6.5,29,43,1660,191
2014,LEXUS,IS 250 AWD,COMPACT,2.5,6,AS6,Z,10.4,7.3,27,39,1800,207
2014,LEXUS,IS 250 C,SUBCOMPACT,2.5,6,AS6,Z,9.8,6.5,29,43,1660,191
2014,LEXUS,IS 350,COMPACT,3.5,6,AS8,Z,10.8,7.3,26,39,1840,212
2014,LEXUS,IS 350 AWD,COMPACT,3.5,6,AS6,Z,11,7.7,26,37,1900,218
2014,LEXUS,IS 350 C,SUBCOMPACT,3.5,6,AS6,Z,10.7,7.3,26,39,1840,212
2014,LEXUS,IS F,SUBCOMPACT,5,8,AS8,Z,13,8.5,22,33,2200,253
2014,LEXUS,LS 460,MID-SIZE,4.6,8,AS8,Z,12.9,8.1,22,35,2160,248
2014,LEXUS,LS 460 AWD,MID-SIZE,4.6,8,AS8,Z,13.5,8.7,21,32,2280,262
2014,LEXUS,LS 460 L AWD,MID-SIZE,4.6,8,AS8,Z,13.5,8.7,21,32,2280,262
2014,LEXUS,LS 600h L,MID-SIZE,5,8,AS8,Z,10.6,9.1,27,31,1980,228
2014,LEXUS,LX 570,SUV - STAND,5.7,8,AS6,Z,17,11.6,17,24,2900,334
2014,LEXUS,RX 350 AWD,SUV - SMALL,3.5,6,AS6,X,11.8,8.3,24,34,2040,235
2014,LEXUS,RX 350 AWD,SUV - SMALL,3.5,6,AS8,X,11.2,7.7,25,37,1920,221
2014,LEXUS,RX 450h AWD,SUV - SMALL,3.5,6,AS6,Z,6.7,7.2,42,39,1380,159
2014,LINCOLN,MKS AWD,FULL-SIZE,3.5,6,AS6,X,12.2,7.9,23,36,2060,237
2014,LINCOLN,MKS AWD,FULL-SIZE,3.7,6,AS6,X,11.6,7.6,24,37,1960,225
2014,LINCOLN,MKT AWD,SUV - STAND,3.5,6,AS6,X,13.2,8.8,21,32,2240,258
2014,LINCOLN,MKT LIVERY,SUV - STAND,2,4,AS6,X,10.1,7.1,28,40,1760,202
2014,LINCOLN,MKT LIVERY A,SUV - STAND,3.7,6,A6,X,12.5,8.4,23,34,2140,246
2014,LINCOLN,MKX AWD,SUV - SMALL,3.7,6,AS6,X,12.2,8.8,23,32,2120,244
2014,LINCOLN,MKZ,MID-SIZE,2,4,AS6,X,9.2,5.9,31,48,1540,177
2014,LINCOLN,MKZ AWD,MID-SIZE,3.7,6,AS6,X,11.6,7.8,24,36,1980,228
2014,LINCOLN,MKZ HYBRID,MID-SIZE,2,4,AV,X,5.1,5.3,55,53,1040,120
2014,LINCOLN,NAVIGATOR 4X,SUV - STAND,5.4,8,A6,X,16.4,11.3,17,25,2820,324
2014,LINCOLN,NAVIGATOR 4X,SUV - STAND,5.4,8,A6,E,22.3,15.4,13,18,3840,307
2014,MASERATI,GHIBLI,MID-SIZE,3,6,AS8,Z,13.6,8.1,21,35,2220,255
2014,MASERATI,GHIBLI AWD,MID-SIZE,3,6,AS8,Z,13.6,8.1,21,35,2220,255
2014,MASERATI,GRANTURISMO,SUBCOMPACT,4.7,8,AS6,Z,16.4,9.7,17,29,2680,308
2014,MASERATI,GRANTURISMO,SUBCOMPACT,4.7,8,AS6,Z,16.4,9.9,17,29,2700,310
2014,MASERATI,QUATTROPORTE,FULL-SIZE,3.8,8,AS8,Z,15.8,9.1,18,31,2560,294
2014,MASERATI,QUATTROPORTE,FULL-SIZE,3,6,AS8,Z,14.2,8.2,20,34,2300,264
2014,MAZDA,CX-5,SUV - SMALL,2,4,AS6,X,7.7,6.1,37,46,1380,159
2014,MAZDA,CX-5,SUV - SMALL,2,4,M6,X,7.8,5.7,36,50,1360,156
2014,MAZDA,CX-5,SUV - SMALL,2.5,4,AS6,X,8.3,6.2,34,46,1460,168
2014,MAZDA,CX-5 4WD,SUV - SMALL,2,4,AS6,X,8,6.4,35,44,1460,168
2014,MAZDA,CX-5 4WD,SUV - SMALL,2.5,4,AS6,X,8.5,6.6,33,43,1540,177
2014,MAZDA,CX-9,SUV - SMALL,3.7,6,AS6,X,12.7,8.4,22,34,2160,248
2014,MAZDA,CX-9 4WD,SUV - SMALL,3.7,6,AS6,X,12.7,9,22,31,2220,255
2014,MAZDA,MAZDA2,COMPACT,1.5,4,A4,X,7.1,5.8,40,49,1300,150
2014,MAZDA,MAZDA2,COMPACT,1.5,4,M5,X,6.8,5.6,42,50,1260,145
2014,MAZDA,MAZDA3 4-DOO,COMPACT,2,4,AS6,X,6.7,4.7,42,60,1160,133
2014,MAZDA,MAZDA3 4-DOO,COMPACT,2,4,M6,X,6.8,4.8,42,59,1180,136
2014,MAZDA,MAZDA3 4-DOO,COMPACT,2.5,4,AS6,X,7.2,5.1,39,55,1240,143
2014,MAZDA,MAZDA3 4-DOO,COMPACT,2.5,4,AS6,X,7.1,5,40,56,1240,143
2014,MAZDA,MAZDA3 4-DOO,COMPACT,2,4,M6,X,6.8,4.8,42,59,1180,136
2014,MAZDA,MAZDA3 5-DOO,MID-SIZE,2,4,AS6,X,6.8,4.9,42,58,1180,136
2014,MAZDA,MAZDA3 5-DOO,MID-SIZE,2,4,M6,X,7,4.9,40,58,1200,138
2014,MAZDA,MAZDA3 5-DOO,MID-SIZE,2.5,4,AS6,X,7.5,5.4,38,52,1320,152
2014,MAZDA,MAZDA3 5-DOO,MID-SIZE,2.5,4,AS6,X,7,5,40,56,1220,140
2014,MAZDA,MAZDA3 5-DOO,MID-SIZE,2,4,M6,X,7,4.9,40,58,1200,138
2014,MAZDA,MAZDA5,MINIVAN,2.5,4,AS5,X,9.5,6.7,30,42,1640,189
2014,MAZDA,MAZDA5,MINIVAN,2.5,4,M6,X,9.7,6.8,29,42,1680,193
2014,MAZDA,MAZDA6,MID-SIZE,2.5,4,AS6,X,7.6,5.1,37,55,1300,150
2014,MAZDA,MAZDA6,MID-SIZE,2.5,4,M6,X,8.1,5.3,35,53,1380,159
2014,MAZDA,MAZDA6 (i-EL,MID-SIZE,2.5,4,AS6,X,7.2,4.9,39,58,1220,140
2014,MAZDA,MX-5,TWO-SEATER,2,4,AS6,Z,10,7.1,28,40,1740,200
2014,MAZDA,MX-5,TWO-SEATER,2,4,M5,Z,9.2,7.1,31,40,1660,191
2014,MAZDA,MX-5,TWO-SEATER,2,4,M6,Z,9.7,7.1,29,40,1700,195
2014,MERCEDES-BEN,B 250,STATION WAG,2,4,AS7,Z,7.9,5.5,36,51,1360,156
2014,MERCEDES-BEN,C 250,COMPACT,1.8,4,AS7,Z,9.5,6.3,30,45,1620,186
2014,MERCEDES-BEN,C 250 COUPE,SUBCOMPACT,1.8,4,AS7,Z,9.6,6.2,29,46,1620,186
2014,MERCEDES-BEN,C 300 4MATIC,COMPACT,3.5,6,AS7,Z,10.8,7.1,26,40,1820,209
2014,MERCEDES-BEN,C 300 4MATIC,COMPACT,3.5,6,AS7,E,14.7,9.4,19,30,2460,197
2014,MERCEDES-BEN,C 350,COMPACT,3.5,6,AS7,Z,10.6,7.2,27,39,1820,209
2014,MERCEDES-BEN,C 350 4MATIC,COMPACT,3.5,6,AS7,Z,10.5,7.2,27,39,1800,207
2014,MERCEDES-BEN,C 350 4MATIC,SUBCOMPACT,3.5,6,AS7,Z,10.7,7.3,26,39,1840,212
2014,MERCEDES-BEN,C 350 COUPE,SUBCOMPACT,3.5,6,AS7,Z,10.7,7.2,26,39,1820,209
2014,MERCEDES-BEN,C 63 AMG,COMPACT,6.2,8,AS7,Z,15.9,10.1,18,28,2660,306
2014,MERCEDES-BEN,C 63 AMG COU,SUBCOMPACT,6.2,8,AS7,Z,16.1,10.4,18,27,2720,313
2014,MERCEDES-BEN,CL 550 4MATI,COMPACT,4.7,8,AS7,Z,13.8,8.8,20,32,2300,264
2014,MERCEDES-BEN,CL 63 AMG,COMPACT,5.5,8,AS7,Z,13.8,9.3,20,30,2360,271
2014,MERCEDES-BEN,CLA 250,COMPACT,2,4,AS7,Z,7.8,5.1,36,55,1320,152
2014,MERCEDES-BEN,CLA 45 AMG 4,COMPACT,2,4,AS7,Z,9,6.5,31,43,1580,182
2014,MERCEDES-BEN,CLS 550 4MAT,COMPACT,4.7,8,AS7,Z,11.8,7.9,24,36,2020,232
2014,MERCEDES-BEN,CLS 63 AMG 4,COMPACT,5.5,8,AS7,Z,13.5,9.1,21,31,2300,264
2014,MERCEDES-BEN,CLS 63 AMG S,COMPACT,5.5,8,AS7,Z,13.5,9.1,21,31,2300,264
2014,MERCEDES-BEN,E 250 BLUETE,MID-SIZE,2.1,4,AS7,D,7.3,4.7,39,60,1220,165
2014,MERCEDES-BEN,E 300 4MATIC,MID-SIZE,3.5,6,AS7,Z,10.4,6.9,27,41,1760,202
2014,MERCEDES-BEN,E 350 4MATIC,MID-SIZE,3.5,6,AS7,Z,10.2,6.8,28,42,1720,198
2014,MERCEDES-BEN,E 350 4MATIC,SUBCOMPACT,3.5,6,AS7,Z,10.5,7.1,27,40,1800,207
2014,MERCEDES-BEN,E 350 4MATIC,STATION WAG,3.5,6,AS7,Z,10.7,7.2,26,39,1820,209
2014,MERCEDES-BEN,E 350 CABRIO,SUBCOMPACT,3.5,6,AS7,Z,10.6,7.1,27,40,1800,207
2014,MERCEDES-BEN,E 350 COUPE,SUBCOMPACT,3.5,6,AS7,Z,10.5,6.9,27,41,1780,205
2014,MERCEDES-BEN,E 400 HYBRID,MID-SIZE,3.5,6,AS7,Z,8.3,6.6,34,43,1500,172
2014,MERCEDES-BEN,E 550 4MATIC,MID-SIZE,4.7,8,AS7,Z,12.1,7.7,23,37,2020,232
2014,MERCEDES-BEN,E 550 CABRIO,SUBCOMPACT,4.7,8,AS7,Z,12.2,7.8,23,36,2040,235
2014,MERCEDES-BEN,E 550 COUPE,SUBCOMPACT,4.7,8,AS7,Z,11.9,7.5,24,38,1980,228
2014,MERCEDES-BEN,E 63 AMG 4MA,MID-SIZE,5.5,8,AS7,Z,13.4,8.7,21,32,2260,260
2014,MERCEDES-BEN,E 63 AMG 4MA,STATION WAG,5.5,8,AS7,Z,13.9,9.3,20,30,2360,271
2014,MERCEDES-BEN,E 63 AMG S 4,MID-SIZE,5.5,8,AS7,Z,13.4,8.7,21,32,2260,260
2014,MERCEDES-BEN,E 63 AMG S 4,STATION WAG,5.5,8,AS7,Z,13.9,9.3,20,30,2360,271
2014,MERCEDES-BEN,G 550,SUV - STAND,5.5,8,AS7,Z,18.1,13.6,16,21,3220,370
2014,MERCEDES-BEN,G 63 AMG,SUV - STAND,5.5,8,AS7,Z,17.5,13.4,16,21,3140,361
2014,MERCEDES-BEN,GL 350 BLUET,SUV - STAND,3,6,AS7,D,11.9,8.6,24,33,2080,281
2014,MERCEDES-BEN,GL 450,SUV - STAND,4.7,8,AS7,Z,15.4,10.9,18,26,2680,308
2014,MERCEDES-BEN,GL 550,SUV - STAND,4.7,8,AS7,Z,15.8,11.2,18,25,2740,315
2014,MERCEDES-BEN,GL 63 AMG,SUV - STAND,5.5,8,AS7,Z,15.9,11.4,18,25,2780,320
2014,MERCEDES-BEN,GLK 250 BLUE,SUV - SMALL,2.1,4,AS7,D,8.3,5.9,34,48,1440,194
2014,MERCEDES-BEN,GLK 350 4MAT,SUV - SMALL,3.5,6,AS7,Z,11.1,8.1,25,35,1940,223
2014,MERCEDES-BEN,ML 350 4MATI,SUV - STAND,3.5,6,AS7,Z,11.9,8.9,24,32,2120,244
2014,MERCEDES-BEN,ML 350 4MATI,SUV - STAND,3.5,6,AS7,E,16,11.8,18,24,2820,226
2014,MERCEDES-BEN,ML 350 BLUET,SUV - STAND,3,6,AS7,D,10.4,7.1,27,40,1780,240
2014,MERCEDES-BEN,ML 550 4MATI,SUV - STAND,4.7,8,AS7,Z,14.5,10,19,28,2500,288
2014,MERCEDES-BEN,ML 63 AMG 4M,SUV - STAND,5.5,8,AS7,Z,15.5,11.5,18,25,2740,315
2014,MERCEDES-BEN,S 550 4MATIC,FULL-SIZE,4.7,8,AS7,Z,12.7,8,22,35,2120,244
2014,MERCEDES-BEN,S 550 4MATIC,FULL-SIZE,4.7,8,AS7,Z,12.6,7.9,22,36,2100,242
2014,MERCEDES-BEN,S 63 AMG 4MA,FULL-SIZE,5.5,8,AS7,Z,14,8.7,20,32,2320,267
2014,MERCEDES-BEN,SL 550,TWO-SEATER,4.7,8,AS7,Z,11.9,8.1,24,35,2040,235
2014,MERCEDES-BEN,SL 63 AMG,TWO-SEATER,5.5,8,AS7,Z,13.2,8.6,21,33,2220,255
2014,MERCEDES-BEN,SL 65 AMG,TWO-SEATER,6,8,AS7,Z,15,9.5,19,30,2500,288
2014,MERCEDES-BEN,SLK 250,TWO-SEATER,1.8,4,AS7,Z,9,6,31,47,1540,177
2014,MERCEDES-BEN,SLK 250,TWO-SEATER,1.8,4,M6,Z,9.1,6.1,31,46,1560,179
2014,MERCEDES-BEN,SLK 350,TWO-SEATER,3.5,6,AS7,Z,9.7,6.8,29,42,1680,193
2014,MERCEDES-BEN,SLK 55 AMG,TWO-SEATER,5.5,8,AS7,Z,10.9,7.3,26,39,1860,214
2014,MERCEDES-BEN,SLS AMG BLAC,TWO-SEATER,6.2,8,AS7,Z,16.9,11.9,17,24,2920,336
2014,MERCEDES-BEN,SLS AMG GT C,TWO-SEATER,6.2,8,AS7,Z,16.4,10.7,17,26,2760,317
2014,MERCEDES-BEN,SLS AMG ROAD,TWO-SEATER,6.2,8,AS7,Z,16.4,10.7,17,26,2760,317
2014,MINI,COOPER CLUBM,SUBCOMPACT,1.6,4,A6,Z,7.5,5.5,38,51,1320,152
2014,MINI,COOPER CLUBM,SUBCOMPACT,1.6,4,M6,Z,7.4,5.7,38,50,1320,152
2014,MINI,COOPER CONVE,MINICOMPACT,1.6,4,A6,Z,7.5,5.5,38,51,1320,152
2014,MINI,COOPER CONVE,MINICOMPACT,1.6,4,M6,Z,7.4,5.7,38,50,1320,152
2014,MINI,COOPER COUNT,COMPACT,1.6,4,A6,Z,8.1,6.6,35,43,1480,170
2014,MINI,COOPER COUNT,COMPACT,1.6,4,M6,Z,7.4,5.7,38,50,1320,152
2014,MINI,COOPER COUPE,TWO-SEATER,1.6,4,A6,Z,7.3,5.5,39,51,1300,150
2014,MINI,COOPER COUPE,TWO-SEATER,1.6,4,M6,Z,6.8,5.3,42,53,1220,140
2014,MINI,COOPER PACEM,COMPACT,1.6,4,A6,Z,8.1,6.6,35,43,1480,170
2014,MINI,COOPER PACEM,COMPACT,1.6,4,M6,Z,7.4,5.7,38,50,1320,152
2014,MINI,COOPER ROADS,TWO-SEATER,1.6,4,A6,Z,7.5,5.5,38,51,1320,152
2014,MINI,COOPER ROADS,TWO-SEATER,1.6,4,M6,Z,7.4,5.7,38,50,1320,152
2014,MINI,COOPER S CLU,SUBCOMPACT,1.6,4,A6,Z,8,5.8,35,49,1400,161
2014,MINI,COOPER S CLU,SUBCOMPACT,1.6,4,M6,Z,7.8,5.6,36,50,1360,156
2014,MINI,COOPER S CON,MINICOMPACT,1.6,4,A6,Z,8,5.8,35,49,1400,161
2014,MINI,COOPER S CON,MINICOMPACT,1.6,4,M6,Z,7.8,5.6,36,50,1360,156
2014,MINI,COOPER S COU,COMPACT,1.6,4,A6,Z,8.7,6.5,32,43,1540,177
2014,MINI,COOPER S COU,COMPACT,1.6,4,M6,Z,8,6.3,35,45,1460,168
2014,MINI,COOPER S COU,TWO-SEATER,1.6,4,A6,Z,8,5.8,35,49,1400,161
2014,MINI,COOPER S COU,TWO-SEATER,1.6,4,M6,Z,7.8,5.6,36,50,1360,156
2014,MINI,COOPER S PAC,COMPACT,1.6,4,A6,Z,8.7,6.5,32,43,1540,177
2014,MINI,COOPER S PAC,COMPACT,1.6,4,M6,Z,8,6.3,35,45,1460,168
2014,MINI,COOPER S ROA,TWO-SEATER,1.6,4,A6,Z,8,5.8,35,49,1400,161
2014,MINI,COOPER S ROA,TWO-SEATER,1.6,4,M6,Z,7.8,5.6,36,50,1360,156
2014,MINI,JOHN COOPER,SUBCOMPACT,1.6,4,A6,Z,8,5.8,35,49,1400,161
2014,MINI,JOHN COOPER,SUBCOMPACT,1.6,4,M6,Z,7.8,5.6,36,50,1360,156
2014,MINI,JOHN COOPER,MINICOMPACT,1.6,4,A6,Z,8,5.8,35,49,1400,161
2014,MINI,JOHN COOPER,MINICOMPACT,1.6,4,M6,Z,7.8,5.6,36,50,1360,156
2014,MINI,JOHN COOPER,COMPACT,1.6,4,A6,Z,8.7,6.5,32,43,1540,177
2014,MINI,JOHN COOPER,COMPACT,1.6,4,M6,Z,8,6.3,35,45,1460,168
2014,MINI,JOHN COOPER,TWO-SEATER,1.6,4,A6,Z,8,5.8,35,49,1400,161
2014,MINI,JOHN COOPER,TWO-SEATER,1.6,4,M6,Z,7.8,5.6,36,50,1360,156
2014,MINI,JOHN COOPER,COMPACT,1.6,4,A6,Z,8.7,6.5,32,43,1540,177
2014,MINI,JOHN COOPER,COMPACT,1.6,4,M6,Z,8,6.3,35,45,1460,168
2014,MINI,JOHN COOPER,TWO-SEATER,1.6,4,A6,Z,8,5.8,35,49,1400,161
2014,MINI,JOHN COOPER,TWO-SEATER,1.6,4,M6,Z,7.8,5.6,36,50,1360,156
2014,MITSUBISHI,LANCER,COMPACT,2,4,AV6,X,7.9,5.8,36,49,1400,161
2014,MITSUBISHI,LANCER,COMPACT,2,4,M5,X,8.3,5.7,34,50,1420,163
2014,MITSUBISHI,LANCER AWD,COMPACT,2.4,4,AV6,X,9.2,6.9,31,41,1640,189
2014,MITSUBISHI,LANCER EVOLU,COMPACT,2,4,AM6,Z,12.6,8.9,22,32,2180,251
2014,MITSUBISHI,LANCER EVOLU,COMPACT,2,4,M5,Z,12.5,8.7,23,32,2160,248
2014,MITSUBISHI,LANCER RALLI,COMPACT,2,4,AM6,Z,11.9,7.9,24,36,2020,232
2014,MITSUBISHI,LANCER SPORT,STATION WAG,2,4,AV6,X,8.3,6.1,34,46,1460,168
2014,MITSUBISHI,LANCER SPORT,STATION WAG,2,4,M5,X,8.5,5.9,33,48,1460,168
2014,MITSUBISHI,MIRAGE,COMPACT,1.2,3,AV,X,5.3,4.4,53,64,980,113
2014,MITSUBISHI,MIRAGE,COMPACT,1.2,3,M5,X,5.9,4.6,48,61,1060,122
2014,MITSUBISHI,OUTLANDER,SUV - SMALL,2.4,4,AV6,X,8.2,6.3,34,45,1460,168
2014,MITSUBISHI,OUTLANDER 4W,SUV - SMALL,2.4,4,AV6,X,8.6,6.8,33,42,1560,179
2014,MITSUBISHI,OUTLANDER 4W,SUV - SMALL,3,6,AS6,Z,10.1,7.1,28,40,1760,202
2014,MITSUBISHI,RVR,SUV - SMALL,2,4,AV6,X,8.3,6.4,34,44,1500,172
2014,MITSUBISHI,RVR,SUV - SMALL,2,4,M5,X,8.6,6.3,33,45,1520,175
2014,MITSUBISHI,RVR 4WD,SUV - SMALL,2,4,AV6,X,8.5,6.7,33,42,1540,177
2014,NISSAN,370Z,TWO-SEATER,3.7,6,AS7,Z,11.1,7.7,25,37,1920,221
2014,NISSAN,370Z,TWO-SEATER,3.7,6,M6,Z,11.8,7.8,24,36,2000,230
2014,NISSAN,370Z ROADSTE,TWO-SEATER,3.7,6,AS7,Z,11.5,8,25,35,1980,228
2014,NISSAN,370Z ROADSTE,TWO-SEATER,3.7,6,M6,Z,12,8.1,24,35,2060,237
2014,NISSAN,ALTIMA,MID-SIZE,2.5,4,AV,X,7.5,5.1,38,55,1280,147
2014,NISSAN,ALTIMA,MID-SIZE,3.5,6,AV,X,9.4,6.2,30,46,1600,184
2014,NISSAN,ARMADA 4WD,SUV - STAND,5.6,8,A5,X,17.3,11.4,16,25,2940,338
2014,NISSAN,FRONTIER,PICKUP TRUC,2.5,4,A5,X,12.2,9,23,31,2140,246
2014,NISSAN,FRONTIER,PICKUP TRUC,2.5,4,M5,X,10.8,8.6,26,33,1960,225
2014,NISSAN,FRONTIER,PICKUP TRUC,4,6,A5,X,13.1,8.6,22,33,2200,253
2014,NISSAN,FRONTIER 4WD,PICKUP TRUC,4,6,A5,X,14.1,9.5,20,30,2400,276
2014,NISSAN,FRONTIER 4WD,PICKUP TRUC,4,6,M6,X,13.2,9.3,21,30,2280,262
2014,NISSAN,GT-R,SUBCOMPACT,3.8,6,AM6,Z,12.9,9.2,22,31,2240,258
2014,NISSAN,JUKE,STATION WAG,1.6,4,AV,Z,7.5,6.1,38,46,1360,156
2014,NISSAN,JUKE,STATION WAG,1.6,4,M6,Z,8.2,6.4,34,44,1480,170
2014,NISSAN,JUKE AWD,STATION WAG,1.6,4,AV,Z,8,6.6,35,43,1480,170
2014,NISSAN,MAXIMA,MID-SIZE,3.5,6,AV,Z,10.9,7.7,26,37,1900,218
2014,NISSAN,MURANO AWD,SUV - SMALL,3.5,6,AV,X,11.7,8.5,24,33,2040,235
2014,NISSAN,NV200 CARGO,VAN - CARGO,2,4,AV,X,8.7,7.1,32,40,1600,184
2014,NISSAN,PATHFINDER,SUV - SMALL,3.5,6,AV,Z,10.6,7.5,27,38,1840,212
2014,NISSAN,PATHFINDER 4,SUV - SMALL,3.5,6,AV,Z,10.9,7.8,26,36,1900,218
2014,NISSAN,PATHFINDER H,SUV - STAND,2.5,4,AV,X,7.8,7.1,36,40,1480,170
2014,NISSAN,QUEST,MINIVAN,3.5,6,AV,X,11,8,26,35,1920,221
2014,NISSAN,ROGUE,SUV - SMALL,2.5,4,AV,X,7.9,6,36,47,1420,163
2014,NISSAN,ROGUE AWD,SUV - SMALL,2.5,4,AV,X,8.2,6.2,34,46,1460,168
2014,NISSAN,SENTRA,MID-SIZE,1.8,4,AV,X,6.6,5,43,56,1180,136
2014,NISSAN,SENTRA,MID-SIZE,1.8,4,M6,X,7.5,5.5,38,51,1320,152
2014,NISSAN,TITAN,PICKUP TRUC,5.6,8,A5,X,16.1,10.9,18,26,2760,317
2014,NISSAN,TITAN 4WD,PICKUP TRUC,5.6,8,A5,X,17.8,12.2,16,23,3040,350
2014,NISSAN,VERSA,COMPACT,1.6,4,AV,X,6.1,4.8,46,59,1100,126
2014,NISSAN,VERSA,COMPACT,1.6,4,M5,X,7.4,5.4,38,52,1300,150
2014,NISSAN,XTERRA 4WD,SUV - SMALL,4,6,A5,X,14.4,10.1,20,28,2500,288
2014,NISSAN,XTERRA 4WD,SUV - SMALL,4,6,M6,X,13.6,10.1,21,28,2400,276
2014,PORSCHE,911 CARRERA,MINICOMPACT,3.4,6,AM7,Z,10.2,7,28,40,1760,202
2014,PORSCHE,911 CARRERA,MINICOMPACT,3.4,6,M7,Z,11,7.2,26,39,1860,214
2014,PORSCHE,911 CARRERA,MINICOMPACT,3.4,6,AM7,Z,10.4,7.1,27,40,1780,205
2014,PORSCHE,911 CARRERA,MINICOMPACT,3.4,6,M7,Z,10.9,7.2,26,39,1860,214
2014,PORSCHE,911 CARRERA,MINICOMPACT,3.4,6,AM7,Z,10.6,7.3,27,39,1820,209
2014,PORSCHE,911 CARRERA,MINICOMPACT,3.4,6,M7,Z,11.2,7.5,25,38,1900,218
2014,PORSCHE,911 CARRERA,MINICOMPACT,3.8,6,AM7,Z,10.8,7.5,26,38,1880,216
2014,PORSCHE,911 CARRERA,MINICOMPACT,3.8,6,M7,Z,11.3,7.5,25,38,1920,221
2014,PORSCHE,911 CARRERA,MINICOMPACT,3.8,6,AM7,Z,11.2,7.6,25,37,1920,221
2014,PORSCHE,911 CARRERA,MINICOMPACT,3.8,6,M7,Z,11.5,7.7,25,37,1960,225
2014,PORSCHE,911 CARRERA,MINICOMPACT,3.4,6,AM7,Z,10.2,7,28,40,1760,202
2014,PORSCHE,911 CARRERA,MINICOMPACT,3.4,6,M7,Z,10.9,7.3,26,39,1860,214
2014,PORSCHE,911 CARRERA,MINICOMPACT,3.8,6,AM7,Z,10.7,7.3,26,39,1840,212
2014,PORSCHE,911 CARRERA,MINICOMPACT,3.8,6,M7,Z,11.1,7.2,25,39,1880,216
2014,PORSCHE,911 CARRERA,MINICOMPACT,3.8,6,AM7,Z,11,7.3,26,39,1860,214
2014,PORSCHE,911 CARRERA,MINICOMPACT,3.8,6,M7,Z,11.2,7.4,25,38,1900,218
2014,PORSCHE,911 GT3,TWO-SEATER,3.8,6,AM7,Z,14.4,9.8,20,29,2460,283
2014,PORSCHE,911 TURBO,MINICOMPACT,3.8,6,AM7,Z,12.2,8.1,23,35,2060,237
2014,PORSCHE,911 TURBO CA,MINICOMPACT,3.8,6,AM7,Z,12.2,8.1,23,35,2060,237
2014,PORSCHE,911 TURBO S,MINICOMPACT,3.8,6,AM7,Z,12.2,8.1,23,35,2060,237
2014,PORSCHE,911 TURBO S,MINICOMPACT,3.8,6,AM7,Z,12.2,8.1,23,35,2060,237
2014,PORSCHE,BOXSTER,TWO-SEATER,2.7,6,AM7,Z,9.4,6.2,30,46,1580,182
2014,PORSCHE,BOXSTER,TWO-SEATER,2.7,6,M6,Z,10.1,6.7,28,42,1720,198
2014,PORSCHE,BOXSTER S,TWO-SEATER,3.4,6,AM7,Z,9.9,6.6,29,43,1680,193
2014,PORSCHE,BOXSTER S,TWO-SEATER,3.4,6,M6,Z,10.5,7.2,27,39,1800,207
2014,PORSCHE,CAYENNE,SUV - STAND,3.6,6,A8,Z,12.1,8.4,23,34,2080,239
2014,PORSCHE,CAYENNE,SUV - STAND,3.6,6,M6,Z,14.1,9.3,20,30,2380,274
2014,PORSCHE,CAYENNE DIES,SUV - STAND,3,6,A8,D,10.8,6.7,26,42,1800,243
2014,PORSCHE,CAYENNE GTS,SUV - STAND,4.8,8,A8,Z,14.2,9.6,20,29,2420,278
2014,PORSCHE,CAYENNE S,SUV - STAND,4.8,8,A8,Z,13.4,8.8,21,32,2260,260
2014,PORSCHE,CAYENNE S HY,SUV - STAND,3,6,A8,Z,10.4,8.4,27,34,1900,218
2014,PORSCHE,CAYENNE TURB,SUV - STAND,4.8,8,A8,Z,14.3,9.3,20,30,2400,276
2014,PORSCHE,CAYMAN,TWO-SEATER,2.7,6,AM7,Z,9.4,6.2,30,46,1580,182
2014,PORSCHE,CAYMAN,TWO-SEATER,2.7,6,M6,Z,10.1,6.7,28,42,1720,198
2014,PORSCHE,CAYMAN S,TWO-SEATER,3.4,6,AM7,Z,9.9,6.6,29,43,1680,193
2014,PORSCHE,CAYMAN S,TWO-SEATER,3.4,6,M6,Z,10.5,7.2,27,39,1800,207
2014,PORSCHE,PANAMERA,FULL-SIZE,3.6,6,AM7,Z,11.4,7.1,25,40,1900,218
2014,PORSCHE,PANAMERA 4,FULL-SIZE,3.6,6,AM7,Z,11.6,7.4,24,38,1940,223
2014,PORSCHE,PANAMERA 4S,FULL-SIZE,3.8,6,AM7,Z,11.9,7.4,24,38,1980,228
2014,PORSCHE,PANAMERA 4S,FULL-SIZE,3.8,6,AM7,Z,12.2,7.5,23,38,2020,232
2014,PORSCHE,PANAMERA GTS,FULL-SIZE,4.8,8,AM7,Z,13.5,8.2,21,34,2220,255
2014,PORSCHE,PANAMERA S,FULL-SIZE,3.8,6,AM7,Z,11.9,7.4,24,38,1980,228
2014,PORSCHE,PANAMERA TUR,FULL-SIZE,4.8,8,AM7,Z,13.6,8.2,21,34,2240,258
2014,PORSCHE,PANAMERA TUR,FULL-SIZE,4.8,8,AM7,Z,13.8,8.3,20,34,2260,260
2014,RAM,1500 (MDS),PICKUP TRUC,5.7,8,A6,X,15.4,10.2,18,28,2620,301
2014,RAM,1500 (MDS),PICKUP TRUC,5.7,8,A8,X,14.1,9.2,20,31,2380,274
2014,RAM,1500 DIESEL,PICKUP TRUC,3,6,A8,D,10.2,7.1,28,40,1760,238
2014,RAM,1500 FFV,PICKUP TRUC,3.6,6,A8,X,12.4,8,23,35,2080,239
2014,RAM,1500 FFV,PICKUP TRUC,3.6,6,A8,E,17.5,11.6,16,24,2980,238
2014,RAM,1500 HFE,PICKUP TRUC,3.6,6,A8,X,11.4,7.8,25,36,1960,225
2014,RAM,1500 4X4 (MD,PICKUP TRUC,5.7,8,A6,X,15.8,10.8,18,26,2720,313
2014,RAM,1500 4X4 (MD,PICKUP TRUC,5.7,8,A8,X,14.6,9.8,19,29,2480,285
2014,RAM,1500 4X4 DIE,PICKUP TRUC,3,6,A8,D,10.6,7.4,27,38,1840,248
2014,RAM,1500 4X4 FFV,PICKUP TRUC,3.6,6,A8,X,13,8.5,22,33,2200,253
2014,RAM,1500 4X4 FFV,PICKUP TRUC,3.6,6,A8,E,18.5,12.4,15,23,3160,253
2014,RAM,CARGO VAN FF,VAN - CARGO,3.6,6,A6,X,11.8,7.7,24,37,2000,230
2014,RAM,CARGO VAN FF,VAN - CARGO,3.6,6,A6,E,16.8,10.9,17,26,2820,226
2014,ROLLS-ROYCE,GHOST,FULL-SIZE,6.6,12,A8,Z,17.3,10.5,16,27,2840,327
2014,ROLLS-ROYCE,GHOST EWB,FULL-SIZE,6.6,12,A8,Z,17.3,10.5,16,27,2840,327
2014,ROLLS-ROYCE,PHANTOM,FULL-SIZE,6.7,12,A8,Z,18.8,10.9,15,26,3060,352
2014,ROLLS-ROYCE,PHANTOM COUP,COMPACT,6.7,12,A8,Z,18.8,10.9,15,26,3060,352
2014,ROLLS-ROYCE,PHANTOM DROP,COMPACT,6.7,12,A8,Z,18.8,10.8,15,26,3040,350
2014,ROLLS-ROYCE,PHANTOM EWB,FULL-SIZE,6.7,12,A8,Z,18.8,10.8,15,26,3040,350
2014,ROLLS-ROYCE,WRAITH,MID-SIZE,6.6,12,A8,Z,16.9,10,17,28,2760,317
2014,SCION,FR-S,MINICOMPACT,2,4,AS6,Z,8.3,5.8,34,49,1440,166
2014,SCION,FR-S,MINICOMPACT,2,4,M6,Z,9.5,6.5,30,43,1620,186
2014,SCION,iQ,MINICOMPACT,1.3,4,AV,X,5.5,4.7,51,60,1020,117
2014,SCION,tC,COMPACT,2.5,4,AS6,X,8.9,6.3,32,45,1560,179
2014,SCION,tC,COMPACT,2.5,4,M6,X,8.9,6.4,32,44,1560,179
2014,SCION,xB,STATION WAG,2.4,4,AS4,X,9.5,7.2,30,39,1700,196
2014,SCION,xB,STATION WAG,2.4,4,M5,X,9.5,7.2,30,39,1680,193
2014,SCION,xD,SUBCOMPACT,1.8,4,A4,X,7.6,5.9,37,48,1360,156
2014,SCION,xD,SUBCOMPACT,1.8,4,M5,X,7.4,5.9,38,48,1340,154
2014,SMART,FORTWO CABRI,TWO-SEATER,1,3,AM5,Z,5.8,4.7,49,60,1060,122
2014,SMART,FORTWO COUPE,TWO-SEATER,1,3,AM5,Z,5.8,4.7,49,60,1060,122
2014,SRT,VIPER COUPE,TWO-SEATER,8.4,10,M6,Z,18.1,11.1,16,25,3000,345
2014,SRT,VIPER GTS CO,TWO-SEATER,8.4,10,M6,Z,18.1,11.1,16,25,3000,345
2014,SUBARU,BRZ,MINICOMPACT,2,4,AS6,Z,8.3,5.9,34,48,1440,166
2014,SUBARU,BRZ,MINICOMPACT,2,4,M6,Z,9.6,6.6,29,43,1660,191
2014,SUBARU,FORESTER AWD,SUV - SMALL,2,4,AV,Z,8.9,7.2,32,39,1620,186
2014,SUBARU,FORESTER AWD,SUV - SMALL,2.5,4,AV,X,8.3,6.2,34,46,1480,170
2014,SUBARU,FORESTER AWD,SUV - SMALL,2.5,4,M6,X,9.5,7,30,40,1680,193
2014,SUBARU,IMPREZA AWD,COMPACT,2.5,4,AV,X,7.5,5.5,38,51,1320,152
2014,SUBARU,IMPREZA AWD,COMPACT,2.5,4,M5,Z,11.1,8,25,35,1940,223
2014,SUBARU,IMPREZA AWD,COMPACT,2.5,4,M5,X,8.3,5.9,34,48,1440,166
2014,SUBARU,IMPREZA AWD,COMPACT,2.5,4,M6,Z,12.6,8.8,22,32,2180,251
2014,SUBARU,IMPREZA WAGO,STATION WAG,2.5,4,AV,X,7.5,5.5,38,51,1320,152
2014,SUBARU,IMPREZA WAGO,STATION WAG,2.5,4,M5,Z,11.1,8,25,35,1940,223
2014,SUBARU,IMPREZA WAGO,STATION WAG,2.5,4,M5,X,8.3,5.9,34,48,1440,166
2014,SUBARU,IMPREZA WAGO,STATION WAG,2.5,4,M6,Z,12.6,8.8,22,32,2180,251
2014,SUBARU,LEGACY AWD,MID-SIZE,2.5,4,AV,X,8.4,6.1,34,46,1480,170
2014,SUBARU,LEGACY AWD,MID-SIZE,2.5,4,M6,X,9.9,6.9,29,41,1700,196
2014,SUBARU,LEGACY AWD,MID-SIZE,3.6,6,AS5,X,11.8,8,24,35,2020,232
2014,SUBARU,OUTBACK AWD,SUV - SMALL,2.5,4,AV,X,8.6,6.5,33,43,1540,177
2014,SUBARU,OUTBACK AWD,SUV - SMALL,2.5,4,M6,X,9.4,7.1,30,40,1680,193
2014,SUBARU,OUTBACK AWD,SUV - SMALL,3.6,6,AS5,X,11.9,8.2,24,34,2040,235
2014,SUBARU,TRIBECA AWD,SUV - SMALL,3.6,6,AS5,X,13.1,9.4,22,30,2280,262
2014,SUBARU,XV CROSSTREK,SUV - SMALL,2,4,AV,X,8.2,6,34,47,1440,166
2014,SUBARU,XV CROSSTREK,SUV - SMALL,2,4,M5,X,8.9,6.7,32,42,1580,182
2014,SUBARU,XV CROSSTREK,SUV - SMALL,2,4,AV,X,6.9,6,41,47,1300,150
2014,TOYOTA,4RUNNER (Par,SUV - STAND,4,6,AS5,X,12.7,9.4,22,30,2240,258
2014,TOYOTA,4RUNNER 4WD,SUV - STAND,4,6,AS5,X,12.7,9.4,22,30,2240,258
2014,TOYOTA,AVALON,MID-SIZE,3.5,6,AS6,X,9.9,6.4,29,44,1660,191
2014,TOYOTA,CAMRY,MID-SIZE,2.5,4,AS6,X,8.2,5.5,34,51,1400,161
2014,TOYOTA,CAMRY,MID-SIZE,3.5,6,AS6,X,9.7,6.5,29,43,1660,191
2014,TOYOTA,CAMRY HYBRID,MID-SIZE,2.5,4,AV,X,4.5,4.9,63,58,940,108
2014,TOYOTA,CAMRY HYBRID,MID-SIZE,2.5,4,AV,X,4.7,5.1,60,55,980,113
2014,TOYOTA,COROLLA,MID-SIZE,1.8,4,A4,X,7.4,5.4,38,52,1300,150
2014,TOYOTA,COROLLA,MID-SIZE,1.8,4,AS7,X,6.9,5.2,41,54,1220,140
2014,TOYOTA,COROLLA,MID-SIZE,1.8,4,AV,X,6.8,4.9,42,58,1180,136
2014,TOYOTA,COROLLA,MID-SIZE,1.8,4,M6,X,7.1,5.2,40,54,1260,145
2014,TOYOTA,COROLLA LE E,MID-SIZE,1.8,4,AV,X,6.5,4.6,43,61,1140,131
2014,TOYOTA,COROLLA LE E,MID-SIZE,1.8,4,AV,X,6.6,4.9,43,58,1160,133
2014,TOYOTA,COROLLA MATR,STATION WAG,1.8,4,A4,X,8.1,6.3,35,45,1460,168
2014,TOYOTA,COROLLA MATR,STATION WAG,1.8,4,M5,X,7.7,6.1,37,46,1400,161
2014,TOYOTA,FJ CRUISER 4,SUV - SMALL,4,6,A5,X,12.7,9.5,22,30,2260,260
2014,TOYOTA,FJ CRUISER 4,SUV - SMALL,4,6,M6,X,13.8,10.3,20,27,2440,281
2014,TOYOTA,HIGHLANDER,SUV - SMALL,2.7,4,AS6,X,10.3,7.2,27,39,1780,205
2014,TOYOTA,HIGHLANDER,SUV - SMALL,3.5,6,AS6,X,11.1,7.9,25,36,1920,221
2014,TOYOTA,HIGHLANDER A,SUV - STAND,3.5,6,AS6,X,11.5,8.2,25,34,2000,230
2014,TOYOTA,HIGHLANDER H,SUV - STAND,3.5,6,AS6,X,6.8,7.2,42,39,1400,161
2014,TOYOTA,HIGHLANDER H,SUV - STAND,3.5,6,AS6,X,6.7,7.2,42,39,1380,159
2014,TOYOTA,PRIUS,MID-SIZE,1.8,4,AV,X,3.7,4,76,71,760,87
2014,TOYOTA,PRIUS c,COMPACT,1.5,4,AV,X,3.6,4,78,71,760,87
2014,TOYOTA,PRIUS v,STATION WAG,1.8,4,AV,X,4.3,4.8,66,59,900,104
2014,TOYOTA,RAV4,SUV - SMALL,2.5,4,AS6,X,8.7,6.4,32,44,1540,177
2014,TOYOTA,RAV4 AWD,SUV - SMALL,2.5,4,AS6,X,9.1,6.8,31,42,1620,186
2014,TOYOTA,RAV4 LIMITED,SUV - SMALL,2.5,4,AS6,X,9.3,6.9,30,41,1640,189
2014,TOYOTA,SEQUOIA 4WD,SUV - STAND,5.7,8,AS6,X,17.2,11.9,16,24,2960,340
2014,TOYOTA,SIENNA,MINIVAN,3.5,6,AS6,X,11.4,7.9,25,36,1960,225
2014,TOYOTA,SIENNA AWD,MINIVAN,3.5,6,AS6,X,12.6,8.7,22,32,2180,251
2014,TOYOTA,TACOMA,PICKUP TRUC,2.7,4,A4,X,10.8,7.8,26,36,1880,216
2014,TOYOTA,TACOMA,PICKUP TRUC,2.7,4,M5,X,9.9,7.5,29,38,1760,202
2014,TOYOTA,TACOMA,PICKUP TRUC,4,6,M6,X,12.9,9.6,22,29,2280,262
2014,TOYOTA,TACOMA 4WD,PICKUP TRUC,2.7,4,A4,X,11.6,8.9,24,32,2080,239
2014,TOYOTA,TACOMA 4WD,PICKUP TRUC,2.7,4,M5,X,11.3,9,25,31,2060,237
2014,TOYOTA,TACOMA 4WD,PICKUP TRUC,4,6,A5,X,13.1,9.8,22,29,2340,269
2014,TOYOTA,TACOMA 4WD,PICKUP TRUC,4,6,M6,X,13.7,10.5,21,27,2460,283
2014,TOYOTA,TUNDRA,PICKUP TRUC,4,6,AS5,X,13.2,10,21,28,2360,271
2014,TOYOTA,TUNDRA,PICKUP TRUC,4.6,8,AS6,X,14.2,10.5,20,27,2500,288
2014,TOYOTA,TUNDRA,PICKUP TRUC,5.7,8,AS6,X,15.8,11,18,26,2720,313
2014,TOYOTA,TUNDRA 4WD,PICKUP TRUC,4.6,8,AS6,X,15.2,10.9,19,26,2660,306
2014,TOYOTA,TUNDRA 4WD,PICKUP TRUC,5.7,8,AS6,X,16.3,11.9,17,24,2860,329
2014,TOYOTA,VENZA,SUV - SMALL,2.7,4,AS6,X,10,6.9,28,41,1720,198
2014,TOYOTA,VENZA,SUV - SMALL,3.5,6,AS6,X,11.1,7.7,25,37,1920,221
2014,TOYOTA,VENZA 4WD,SUV - SMALL,2.7,4,AS6,X,10.2,7.1,28,40,1760,202
2014,TOYOTA,VENZA 4WD,SUV - SMALL,3.5,6,AS6,X,11.4,7.9,25,36,1960,225
2014,TOYOTA,YARIS,COMPACT,1.5,4,A4,X,6.7,5.5,42,51,1220,140
2014,TOYOTA,YARIS,COMPACT,1.5,4,M5,X,6.6,5.2,43,54,1200,138
2014,VOLKSWAGEN,BEETLE,COMPACT,1.8,4,A6,X,8.2,6,34,47,1440,166
2014,VOLKSWAGEN,BEETLE,COMPACT,1.8,4,M5,X,8.6,6,33,47,1480,170
2014,VOLKSWAGEN,BEETLE,COMPACT,2,4,A6,Z,9,6.5,31,43,1560,179
2014,VOLKSWAGEN,BEETLE,COMPACT,2,4,M6,Z,9.4,6.4,30,44,1600,184
2014,VOLKSWAGEN,BEETLE,COMPACT,2.5,5,A6,X,9.5,7.1,30,40,1680,193
2014,VOLKSWAGEN,BEETLE,COMPACT,2.5,5,M5,X,9.9,6.4,29,44,1660,191
2014,VOLKSWAGEN,BEETLE CONVE,SUBCOMPACT,1.8,4,A6,X,8.5,6.1,33,46,1480,170
2014,VOLKSWAGEN,BEETLE CONVE,SUBCOMPACT,2,4,A6,Z,9,6.8,31,42,1600,184
2014,VOLKSWAGEN,BEETLE CONVE,SUBCOMPACT,2,4,M6,Z,9.4,6.4,30,44,1600,184
2014,VOLKSWAGEN,BEETLE CONVE,SUBCOMPACT,2.5,5,A6,X,9.8,7.3,29,39,1740,200
2014,VOLKSWAGEN,BEETLE TDI C,COMPACT,2,4,A6,D,7,5,40,56,1220,165
2014,VOLKSWAGEN,BEETLE TDI C,COMPACT,2,4,M6,D,7.2,4.8,39,59,1220,165
2014,VOLKSWAGEN,CC,COMPACT,2,4,A6,Z,9.7,6.6,29,43,1660,191
2014,VOLKSWAGEN,CC,COMPACT,2,4,M6,Z,10.2,6.4,28,44,1700,196
2014,VOLKSWAGEN,CC 4MOTION,COMPACT,3.6,6,A6,Z,12.7,8.3,22,34,2140,246
2014,VOLKSWAGEN,EOS,SUBCOMPACT,2,4,A6,Z,9.5,6.7,30,42,1640,189
2014,VOLKSWAGEN,GOLF WAGON,STATION WAG,2.5,5,A6,X,9.6,6.5,29,43,1640,189
2014,VOLKSWAGEN,GOLF WAGON,STATION WAG,2.5,5,M5,X,9.9,6.1,29,46,1640,189
2014,VOLKSWAGEN,GOLF WAGON T,STATION WAG,2,4,A6,D,7,4.9,40,58,1200,162
2014,VOLKSWAGEN,GOLF WAGON T,STATION WAG,2,4,M6,D,6.7,4.6,42,61,1160,157
2014,VOLKSWAGEN,JETTA,COMPACT,1.8,4,A6,X,8.2,5.6,34,50,1420,163
2014,VOLKSWAGEN,JETTA,COMPACT,1.8,4,M5,X,8.1,5.6,35,50,1400,161
2014,VOLKSWAGEN,JETTA,COMPACT,2,4,A6,X,9.3,6.7,30,42,1620,186
2014,VOLKSWAGEN,JETTA,COMPACT,2,4,M5,X,9.1,6,31,47,1540,177
2014,VOLKSWAGEN,JETTA GLI,COMPACT,2,4,A6,Z,8.9,6.2,32,46,1540,177
2014,VOLKSWAGEN,JETTA GLI,COMPACT,2,4,M6,Z,9.3,6.1,30,46,1580,182
2014,VOLKSWAGEN,JETTA TDI CL,COMPACT,2,4,A6,D,6.7,4.7,42,60,1160,157
2014,VOLKSWAGEN,JETTA TDI CL,COMPACT,2,4,M6,D,6.7,4.6,42,61,1160,157
2014,VOLKSWAGEN,JETTA TURBO,COMPACT,1.4,4,AM7,Z,4.5,4.2,63,67,880,101
2014,VOLKSWAGEN,PASSAT,MID-SIZE,1.8,4,A6,X,8.6,5.8,33,49,1460,168
2014,VOLKSWAGEN,PASSAT,MID-SIZE,1.8,4,M5,X,8.7,5.7,32,50,1460,168
2014,VOLKSWAGEN,PASSAT,MID-SIZE,2.5,5,A6,X,9.6,6.7,29,42,1660,191
2014,VOLKSWAGEN,PASSAT,MID-SIZE,2.5,5,M5,X,10.1,6.5,28,43,1700,196
2014,VOLKSWAGEN,PASSAT,MID-SIZE,3.6,6,A6,Z,10.9,7.4,26,38,1880,216
2014,VOLKSWAGEN,PASSAT TDI C,MID-SIZE,2,4,A6,D,6.9,4.9,41,58,1200,162
2014,VOLKSWAGEN,PASSAT TDI C,MID-SIZE,2,4,M6,D,6.8,4.4,42,64,1140,154
2014,VOLKSWAGEN,ROUTAN,MINIVAN,3.6,6,A6,X,12.6,8,22,35,2100,242
2014,VOLKSWAGEN,TIGUAN,SUV - SMALL,2,4,A6,Z,10.2,8,28,35,1860,214
2014,VOLKSWAGEN,TIGUAN,SUV - SMALL,2,4,M6,Z,12,7.7,24,37,2020,232
2014,VOLKSWAGEN,TIGUAN 4MOTI,SUV - SMALL,2,4,A6,Z,10.3,7.9,27,36,1860,214
2014,VOLKSWAGEN,TOUAREG,SUV - STAND,3.6,6,AS8,Z,12.3,8.8,23,32,2140,246
2014,VOLKSWAGEN,TOUAREG TDI,SUV - STAND,3,6,AS8,D,10.8,6.7,26,42,1800,243
2014,VOLVO,S60,COMPACT,2.5,5,AS6,X,9.9,6.5,29,43,1680,193
2014,VOLVO,S60 AWD,COMPACT,2.5,5,AS6,X,10.2,7,28,40,1760,202
2014,VOLVO,S60 AWD,COMPACT,3,6,AS6,X,11.7,8,24,35,2000,230
2014,VOLVO,S80,MID-SIZE,3.2,6,AS6,X,10.5,6.8,27,42,1780,205
2014,VOLVO,S80 AWD,MID-SIZE,3,6,AS6,X,11.7,8,24,35,2000,230
2014,VOLVO,XC60,SUV - SMALL,3.2,6,AS6,X,11.5,7.5,25,38,1940,223
2014,VOLVO,XC60 AWD,SUV - SMALL,3,6,AS6,X,11.9,8.3,24,34,2060,237
2014,VOLVO,XC60 AWD,SUV - SMALL,3.2,6,AS6,X,11.7,8,24,35,2000,230
2014,VOLVO,XC70 AWD,SUV - SMALL,3,6,AS6,X,11.9,8.3,24,34,2060,237
2014,VOLVO,XC70 AWD,SUV - SMALL,3.2,6,AS6,X,11.4,7.8,25,36,1960,225
2014,VOLVO,XC90 AWD,SUV - STAND,3.2,6,AS6,X,13.3,8.6,21,33,2240,258
